/*
SQLyog Ultimate v8.55 
MySQL - 5.6.14 : Database - koocam
*********************************************************************
*/

/*!40101 SET NAMES utf8 */;

/*!40101 SET SQL_MODE=''*/;

/*!40014 SET @OLD_UNIQUE_CHECKS=@@UNIQUE_CHECKS, UNIQUE_CHECKS=0 */;
/*!40014 SET @OLD_FOREIGN_KEY_CHECKS=@@FOREIGN_KEY_CHECKS, FOREIGN_KEY_CHECKS=0 */;
/*!40101 SET @OLD_SQL_MODE=@@SQL_MODE, SQL_MODE='NO_AUTO_VALUE_ON_ZERO' */;
/*!40111 SET @OLD_SQL_NOTES=@@SQL_NOTES, SQL_NOTES=0 */;
CREATE DATABASE /*!32312 IF NOT EXISTS*/`koocam` /*!40100 DEFAULT CHARACTER SET latin1 */;

USE `koocam`;

/*Table structure for table `koo_admin` */

DROP TABLE IF EXISTS `koo_admin`;

CREATE TABLE `koo_admin` (
  `admin_id` int(11) NOT NULL AUTO_INCREMENT,
  `username` varchar(255) COLLATE utf8_unicode_ci NOT NULL,
  `password_hash` varchar(255) COLLATE utf8_unicode_ci NOT NULL,
  `password_reset_token` varchar(255) COLLATE utf8_unicode_ci DEFAULT NULL,
  `email` varchar(255) COLLATE utf8_unicode_ci NOT NULL,
  `status` enum('0','1') COLLATE utf8_unicode_ci NOT NULL DEFAULT '1',
  `created_at` timestamp NOT NULL DEFAULT CURRENT_TIMESTAMP,
  `updated_at` timestamp NULL DEFAULT '0000-00-00 00:00:00',
  PRIMARY KEY (`admin_id`)
) ENGINE=InnoDB AUTO_INCREMENT=2 DEFAULT CHARSET=utf8 COLLATE=utf8_unicode_ci;

/*Data for the table `koo_admin` */

insert  into `koo_admin`(`admin_id`,`username`,`password_hash`,`password_reset_token`,`email`,`status`,`created_at`,`updated_at`) values (1,'admin','be2ce3b45176df1d3e41e35d6aa0ea9a44b56b3575e15ebc6da0d3da7793489b9eb718dc2cfe7f5f2bc61151ad4ffc70ba4d234520ed51735fa98ec878ddc27b',NULL,'admin@koocam.com','1','2015-11-13 11:06:21','0000-00-00 00:00:00');

/*Table structure for table `koo_cms` */

DROP TABLE IF EXISTS `koo_cms`;

CREATE TABLE `koo_cms` (
  `cms_id` int(11) NOT NULL AUTO_INCREMENT,
  `slug` varchar(255) NOT NULL,
  `cms_title` varchar(255) NOT NULL,
  `cms_description` longtext NOT NULL,
  `cms_meta_keywords` text,
  `cms_meta_description` text,
  `cms_tag` varchar(255) DEFAULT NULL,
  `status` enum('0','1','2') NOT NULL DEFAULT '1',
  `created_at` timestamp NOT NULL DEFAULT CURRENT_TIMESTAMP ON UPDATE CURRENT_TIMESTAMP,
  `modified_at` timestamp NULL DEFAULT NULL,
  PRIMARY KEY (`cms_id`)
) ENGINE=InnoDB AUTO_INCREMENT=5 DEFAULT CHARSET=latin1;

/*Data for the table `koo_cms` */

insert  into `koo_cms`(`cms_id`,`slug`,`cms_title`,`cms_description`,`cms_meta_keywords`,`cms_meta_description`,`cms_tag`,`status`,`created_at`,`modified_at`) values (1,'how-it-works','How it works','<div class=\"innerpage-cont\">\r\n    <div class=\"container\">\r\n      <div class=\"row\">\r\n        \r\n        <div class=\"col-xs-12 col-sm-12 col-md-12 col-lg-12 course-details\">\r\n          \r\n         \r\n        <p>  Lorem ipsum dolor sit amet, consectetur adipiscing elit. Etiam quis orci vestibulum, ornare ante eget, tincidunt ante. Aenean pretium ipsum at nisl aliquet, molestie cursus eros sollicitudin. Aenean in vulputate sapien. Cras imperdiet magna urna, in malesuada elit eleifend a. Sed lobortis sem magna, et egestas odio suscipit quis. Nulla facilisi. Donec lacinia in dolor sed condimentum. Morbi bibendum posuere mauris, a accumsan leo placerat non. Nunc semper arcu eu placerat rhoncus. Duis et nulla mauris. Morbi ultricies condimentum diam.  </p>\r\n        \r\n  \r\n          \r\n           \r\n          <p> Donec nunc nisi, malesuada ut arcu ac, venenatis elementum sapien. Proin iaculis laoreet purus in pellentesque. Ut pellentesque, dui eu tristique porttitor, eros augue bibendum mi, vitae egestas nulla eros id diam.</p>\r\n          \r\n         \r\n          <p>Etiam scelerisque ut nunc a maximus. Curabitur at nunc sed mi feugiat elementum a in leo. Nulla non nisi sit amet lacus elementum porta quis in arcu. Quisque lorem velit, mattis tincidunt suscipit vitae, varius in sapien.</p>\r\n          \r\n         <p>   Lorem ipsum dolor sit amet, consectetur adipiscing elit. Etiam quis orci vestibulum, ornare ante eget, tincidunt ante. Aenean pretium ipsum at nisl aliquet, molestie cursus eros sollicitudin. Aenean in vulputate sapien. Cras imperdiet magna urna, in malesuada elit eleifend a. Sed lobortis sem magna, et egestas odio suscipit quis. Nulla facilisi. Donec lacinia in dolor sed condimentum. Morbi bibendum posuere mauris, a accumsan leo placerat non. Nunc semper arcu eu placerat rhoncus. Duis et nulla mauris. Morbi ultricies condimentum diam. </p>\r\n\r\n<p> Donec nunc nisi, malesuada ut arcu ac, venenatis elementum sapien. Proin iaculis laoreet purus in pellentesque. Ut pellentesque, dui eu tristique porttitor, eros augue bibendum mi, vitae egestas nulla eros id diam. Sed malesuada ultrices lectus, vulputate finibus nulla mattis quis. Duis vitae arcu aliquet, suscipit nibh ac, aliquam turpis. Fusce mollis convallis efficitur. Etiam lacus erat, sollicitudin id elementum sed, consequat sed ligula.</p>\r\n\r\n<p> Etiam scelerisque ut nunc a maximus. Curabitur at nunc sed mi feugiat elementum a in leo. Nulla non nisi sit amet lacus elementum porta quis in arcu. Quisque lorem velit, mattis tincidunt suscipit vitae, varius in sapien. Aenean pharetra bibendum ullamcorper. Praesent justo nulla, molestie in urna sed, laoreet porttitor neque. In et tellus vulputate, gravida quam vitae, condimentum justo. Praesent nunc nibh, interdum sed elementum feugiat, euismod in est. In hac habitasse platea dictumst. Proin ornare ipsum et ornare interdum. Nam non maximus arcu. Sed nec neque nulla. Proin dapibus tortor augue, ac feugiat tortor convallis sit amet. Praesent volutpat hendrerit condimentum. Aenean ac sagittis nunc. </p>\r\n          \r\n        </div>\r\n        \r\n        \r\n        \r\n        \r\n      </div>\r\n    </div>\r\n\r\n  </div>','How it works','How it works','How it works','1','2015-11-25 18:24:41','2015-11-25 11:39:38'),(2,'about-us','About Us','<div class=\"innerpage-cont\">\r\n    <div class=\"container\">\r\n      <div class=\"row\">\r\n        \r\n        <div class=\"col-xs-12 col-sm-12 col-md-12 col-lg-12 course-details\">\r\n          <h2> Our History  </h2>\r\n         \r\n        <p>  Lorem ipsum dolor sit amet, consectetur adipiscing elit. Etiam quis orci vestibulum, ornare ante eget, tincidunt ante. Aenean pretium ipsum at nisl aliquet, molestie cursus eros sollicitudin. Aenean in vulputate sapien. Cras imperdiet magna urna, in malesuada elit eleifend a. Sed lobortis sem magna, et egestas odio suscipit quis. Nulla facilisi. Donec lacinia in dolor sed condimentum. Morbi bibendum posuere mauris, a accumsan leo placerat non. Nunc semper arcu eu placerat rhoncus. Duis et nulla mauris. Morbi ultricies condimentum diam.  </p>\r\n        \r\n  \r\n          \r\n            <h4> Our Mission </h4>\r\n          <p> Donec nunc nisi, malesuada ut arcu ac, venenatis elementum sapien. Proin iaculis laoreet purus in pellentesque. Ut pellentesque, dui eu tristique porttitor, eros augue bibendum mi, vitae egestas nulla eros id diam.</p>\r\n          \r\n          <h4> Our Vision </h4>\r\n          <p>Etiam scelerisque ut nunc a maximus. Curabitur at nunc sed mi feugiat elementum a in leo. Nulla non nisi sit amet lacus elementum porta quis in arcu. Quisque lorem velit, mattis tincidunt suscipit vitae, varius in sapien.</p>\r\n          \r\n          \r\n        </div>\r\n        \r\n        \r\n        \r\n        \r\n      </div>\r\n    </div>\r\n\r\n  </div>','About Us','About Us','Who we are','1','2015-11-25 11:06:12','2015-11-25 11:39:01'),(3,'privacy-policy','Privacy Policy','<div class=\"innerpage-cont\">\r\n    <div class=\"container\">\r\n      <div class=\"row\">\r\n        \r\n        <div class=\"col-xs-12 col-sm-12 col-md-12 col-lg-12 course-details\">\r\n          \r\n         \r\n        <p>  Lorem ipsum dolor sit amet, consectetur adipiscing elit. Etiam quis orci vestibulum, ornare ante eget, tincidunt ante. Aenean pretium ipsum at nisl aliquet, molestie cursus eros sollicitudin. Aenean in vulputate sapien. Cras imperdiet magna urna, in malesuada elit eleifend a. Sed lobortis sem magna, et egestas odio suscipit quis. Nulla facilisi. Donec lacinia in dolor sed condimentum. Morbi bibendum posuere mauris, a accumsan leo placerat non. Nunc semper arcu eu placerat rhoncus. Duis et nulla mauris. Morbi ultricies condimentum diam.  </p>\r\n        \r\n  \r\n          \r\n           \r\n          <p> Donec nunc nisi, malesuada ut arcu ac, venenatis elementum sapien. Proin iaculis laoreet purus in pellentesque. Ut pellentesque, dui eu tristique porttitor, eros augue bibendum mi, vitae egestas nulla eros id diam.</p>\r\n          \r\n         \r\n          <p>Etiam scelerisque ut nunc a maximus. Curabitur at nunc sed mi feugiat elementum a in leo. Nulla non nisi sit amet lacus elementum porta quis in arcu. Quisque lorem velit, mattis tincidunt suscipit vitae, varius in sapien.</p>\r\n          \r\n         <p>   Lorem ipsum dolor sit amet, consectetur adipiscing elit. Etiam quis orci vestibulum, ornare ante eget, tincidunt ante. Aenean pretium ipsum at nisl aliquet, molestie cursus eros sollicitudin. Aenean in vulputate sapien. Cras imperdiet magna urna, in malesuada elit eleifend a. Sed lobortis sem magna, et egestas odio suscipit quis. Nulla facilisi. Donec lacinia in dolor sed condimentum. Morbi bibendum posuere mauris, a accumsan leo placerat non. Nunc semper arcu eu placerat rhoncus. Duis et nulla mauris. Morbi ultricies condimentum diam. </p>\r\n\r\n<p> Donec nunc nisi, malesuada ut arcu ac, venenatis elementum sapien. Proin iaculis laoreet purus in pellentesque. Ut pellentesque, dui eu tristique porttitor, eros augue bibendum mi, vitae egestas nulla eros id diam. Sed malesuada ultrices lectus, vulputate finibus nulla mattis quis. Duis vitae arcu aliquet, suscipit nibh ac, aliquam turpis. Fusce mollis convallis efficitur. Etiam lacus erat, sollicitudin id elementum sed, consequat sed ligula.</p>\r\n\r\n<p> Etiam scelerisque ut nunc a maximus. Curabitur at nunc sed mi feugiat elementum a in leo. Nulla non nisi sit amet lacus elementum porta quis in arcu. Quisque lorem velit, mattis tincidunt suscipit vitae, varius in sapien. Aenean pharetra bibendum ullamcorper. Praesent justo nulla, molestie in urna sed, laoreet porttitor neque. In et tellus vulputate, gravida quam vitae, condimentum justo. Praesent nunc nibh, interdum sed elementum feugiat, euismod in est. In hac habitasse platea dictumst. Proin ornare ipsum et ornare interdum. Nam non maximus arcu. Sed nec neque nulla. Proin dapibus tortor augue, ac feugiat tortor convallis sit amet. Praesent volutpat hendrerit condimentum. Aenean ac sagittis nunc. </p>\r\n          \r\n        </div>\r\n        \r\n        \r\n        \r\n        \r\n      </div>\r\n    </div>\r\n\r\n  </div>','Privacy Policy','Privacy Policy','Terms & conditions','1','2015-11-25 11:07:58','2015-11-25 11:39:51'),(4,'terms-and-conditions','Terms and Conditions','<div class=\"innerpage-cont\">\r\n    <div class=\"container\">\r\n      <div class=\"row\">\r\n        \r\n        <div class=\"col-xs-12 col-sm-12 col-md-12 col-lg-12 course-details\">\r\n          \r\n         \r\n        <p>  Lorem ipsum dolor sit amet, consectetur adipiscing elit. Etiam quis orci vestibulum, ornare ante eget, tincidunt ante. Aenean pretium ipsum at nisl aliquet, molestie cursus eros sollicitudin. Aenean in vulputate sapien. Cras imperdiet magna urna, in malesuada elit eleifend a. Sed lobortis sem magna, et egestas odio suscipit quis. Nulla facilisi. Donec lacinia in dolor sed condimentum. Morbi bibendum posuere mauris, a accumsan leo placerat non. Nunc semper arcu eu placerat rhoncus. Duis et nulla mauris. Morbi ultricies condimentum diam.  </p>\r\n        \r\n  \r\n          \r\n           \r\n          <p> Donec nunc nisi, malesuada ut arcu ac, venenatis elementum sapien. Proin iaculis laoreet purus in pellentesque. Ut pellentesque, dui eu tristique porttitor, eros augue bibendum mi, vitae egestas nulla eros id diam.</p>\r\n          \r\n         \r\n          <p>Etiam scelerisque ut nunc a maximus. Curabitur at nunc sed mi feugiat elementum a in leo. Nulla non nisi sit amet lacus elementum porta quis in arcu. Quisque lorem velit, mattis tincidunt suscipit vitae, varius in sapien.</p>\r\n          \r\n         <p>   Lorem ipsum dolor sit amet, consectetur adipiscing elit. Etiam quis orci vestibulum, ornare ante eget, tincidunt ante. Aenean pretium ipsum at nisl aliquet, molestie cursus eros sollicitudin. Aenean in vulputate sapien. Cras imperdiet magna urna, in malesuada elit eleifend a. Sed lobortis sem magna, et egestas odio suscipit quis. Nulla facilisi. Donec lacinia in dolor sed condimentum. Morbi bibendum posuere mauris, a accumsan leo placerat non. Nunc semper arcu eu placerat rhoncus. Duis et nulla mauris. Morbi ultricies condimentum diam. </p>\r\n\r\n<p> Donec nunc nisi, malesuada ut arcu ac, venenatis elementum sapien. Proin iaculis laoreet purus in pellentesque. Ut pellentesque, dui eu tristique porttitor, eros augue bibendum mi, vitae egestas nulla eros id diam. Sed malesuada ultrices lectus, vulputate finibus nulla mattis quis. Duis vitae arcu aliquet, suscipit nibh ac, aliquam turpis. Fusce mollis convallis efficitur. Etiam lacus erat, sollicitudin id elementum sed, consequat sed ligula.</p>\r\n\r\n<p> Etiam scelerisque ut nunc a maximus. Curabitur at nunc sed mi feugiat elementum a in leo. Nulla non nisi sit amet lacus elementum porta quis in arcu. Quisque lorem velit, mattis tincidunt suscipit vitae, varius in sapien. Aenean pharetra bibendum ullamcorper. Praesent justo nulla, molestie in urna sed, laoreet porttitor neque. In et tellus vulputate, gravida quam vitae, condimentum justo. Praesent nunc nibh, interdum sed elementum feugiat, euismod in est. In hac habitasse platea dictumst. Proin ornare ipsum et ornare interdum. Nam non maximus arcu. Sed nec neque nulla. Proin dapibus tortor augue, ac feugiat tortor convallis sit amet. Praesent volutpat hendrerit condimentum. Aenean ac sagittis nunc. </p>\r\n          \r\n        </div>\r\n        \r\n        \r\n        \r\n        \r\n      </div>\r\n    </div>\r\n\r\n  </div>','Terms and Conditions','Terms and Conditions','Terms & conditions','1','2015-11-25 18:24:32',NULL);

/*Table structure for table `koo_country` */

DROP TABLE IF EXISTS `koo_country`;

CREATE TABLE `koo_country` (
  `country_Id` int(11) NOT NULL AUTO_INCREMENT COMMENT 'ID:',
  `country_name` varchar(45) NOT NULL COMMENT 'Name:',
  `country_two_code` varchar(3) DEFAULT NULL COMMENT 'Two Code:',
  `country_three_code` varchar(5) DEFAULT NULL COMMENT 'Three Code:',
  `status` enum('0','1','2') NOT NULL DEFAULT '1' COMMENT 'Status',
  `created_at` timestamp NULL DEFAULT CURRENT_TIMESTAMP,
  `modified_at` timestamp NULL DEFAULT '0000-00-00 00:00:00',
  PRIMARY KEY (`country_Id`)
) ENGINE=InnoDB AUTO_INCREMENT=253 DEFAULT CHARSET=latin1;

/*Data for the table `koo_country` */

insert  into `koo_country`(`country_Id`,`country_name`,`country_two_code`,`country_three_code`,`status`,`created_at`,`modified_at`) values (2,'NEPAL','NP','0524','1','2015-03-15 00:12:13','0000-00-00 00:00:00'),(5,'AFGHANISTAN','AF','0004','1','2015-04-10 21:28:14','0000-00-00 00:00:00'),(7,'ALBANIA','AL','0008','1','2015-06-02 11:58:36','0000-00-00 00:00:00'),(8,'ALGERIA','DZ','0012','1','2015-06-02 11:58:36','0000-00-00 00:00:00'),(9,'ANDORRA','AD','0020','1','2015-06-02 11:58:36','0000-00-00 00:00:00'),(10,'ANGOLA','AO','0024','1','2015-06-02 11:58:36','0000-00-00 00:00:00'),(11,'ANTIGUA AND BARBUDA','AG','0028','1','2015-06-02 11:58:36','0000-00-00 00:00:00'),(12,'AZERBAIJAN','AZ','0031','1','2015-06-02 11:58:36','0000-00-00 00:00:00'),(13,'ARGENTINA','AR','0032','1','2015-06-02 11:58:36','0000-00-00 00:00:00'),(14,'AUSTRALIA','AU','0036','1','2015-06-02 11:58:36','0000-00-00 00:00:00'),(15,'AUSTRIA','AT','0040','1','2015-06-02 11:58:36','0000-00-00 00:00:00'),(16,'BAHAMAS','BS','0044','1','2015-06-02 11:58:36','0000-00-00 00:00:00'),(17,'BAHRAIN','BH','0048','1','2015-06-02 11:58:36','0000-00-00 00:00:00'),(18,'BANGLADESH','BD','0050','1','2015-06-02 11:58:36','0000-00-00 00:00:00'),(19,'ARMENIA','AM','0051','1','2015-06-02 11:58:36','0000-00-00 00:00:00'),(20,'BARBADOS','BB','0052','1','2015-06-02 11:58:36','0000-00-00 00:00:00'),(21,'BELGIUM','BE','0056','1','2015-06-02 11:58:36','0000-00-00 00:00:00'),(22,'BHUTAN','BT','0064','1','2015-06-02 11:58:36','0000-00-00 00:00:00'),(23,'BOLIVIA','BO','0068','1','2015-06-02 11:58:36','0000-00-00 00:00:00'),(24,'BOSNIA AND HERZEGOVINA','BA','0070','1','2015-06-02 11:58:36','0000-00-00 00:00:00'),(25,'BOTSWANA','BW','0072','1','2015-06-02 11:58:36','0000-00-00 00:00:00'),(26,'BRAZIL','BR','0076','1','2015-06-02 11:58:36','0000-00-00 00:00:00'),(27,'BELIZE','BZ','0084','1','2015-06-02 11:58:36','0000-00-00 00:00:00'),(28,'SOLOMON ISLANDS','SB','0090','1','2015-06-02 11:58:36','0000-00-00 00:00:00'),(29,'BRUNEI DARUSSALAM','BN','0096','1','2015-06-02 11:58:36','0000-00-00 00:00:00'),(30,'BULGARIA','BG','0100','1','2015-06-02 11:58:36','0000-00-00 00:00:00'),(31,'BURMA','BU','0104','1','2015-06-02 11:58:36','0000-00-00 00:00:00'),(32,'MYANMAR','MM','0104','1','2015-06-02 11:58:36','0000-00-00 00:00:00'),(33,'BURUNDI','BI','0108','1','2015-06-02 11:58:36','0000-00-00 00:00:00'),(34,'BELARUS','BY','0112','1','2015-06-02 11:58:36','0000-00-00 00:00:00'),(35,'CAMBODIA','KH','0116','1','2015-06-02 11:58:36','0000-00-00 00:00:00'),(36,'CAMEROON','CM','0120','1','2015-06-02 11:58:36','0000-00-00 00:00:00'),(37,'CANADA','CA','0124','1','2015-06-02 11:58:36','0000-00-00 00:00:00'),(38,'CAPE VERDE','CV','0132','1','2015-06-02 11:58:36','0000-00-00 00:00:00'),(39,'CENTRAL AFRICAN REPUBLIC','CF','0140','1','2015-06-02 11:58:36','0000-00-00 00:00:00'),(40,'SRI LANKA','LK','0144','1','2015-06-02 11:58:36','0000-00-00 00:00:00'),(41,'CHAD','TD','0148','1','2015-06-02 11:58:36','0000-00-00 00:00:00'),(42,'CHILE','CL','0152','1','2015-06-02 11:58:36','0000-00-00 00:00:00'),(43,'CHINA','CN','0156','1','2015-06-02 11:58:36','0000-00-00 00:00:00'),(44,'TAIWAN, PROVINCE OF CHINA','TW','0158','1','2015-06-02 11:58:36','0000-00-00 00:00:00'),(45,'COLOMBIA','CO','0170','1','2015-06-02 11:58:36','0000-00-00 00:00:00'),(46,'COMOROS','KM','0174','1','2015-06-02 11:58:36','0000-00-00 00:00:00'),(47,'CONGO','CG','0178','1','2015-06-02 11:58:36','0000-00-00 00:00:00'),(48,'ZAIRE','ZR','0180','1','2015-06-02 11:58:36','0000-00-00 00:00:00'),(49,'CONGO, THE DEMOCRATIC REPUBLIC OF THE','CD','0180','1','2015-06-02 11:58:36','0000-00-00 00:00:00'),(50,'COSTA RICA','CR','0188','1','2015-06-02 11:58:36','0000-00-00 00:00:00'),(51,'CROATIA','HR','0191','1','2015-06-02 11:58:36','0000-00-00 00:00:00'),(52,'CUBA','CU','0192','1','2015-06-02 11:58:36','0000-00-00 00:00:00'),(53,'CYPRUS','CY','0196','1','2015-06-02 11:58:36','0000-00-00 00:00:00'),(54,'CZECHOSLOVAKIA','CS','0200','1','2015-06-02 11:58:36','0000-00-00 00:00:00'),(55,'CZECH REPUBLIC','CZ','0203','1','2015-06-02 11:58:36','0000-00-00 00:00:00'),(56,'BENIN','BJ','0204','1','2015-06-02 11:58:36','0000-00-00 00:00:00'),(57,'DENMARK','DK','0208','1','2015-06-02 11:58:36','0000-00-00 00:00:00'),(58,'DOMINICA','DM','0212','1','2015-06-02 11:58:36','0000-00-00 00:00:00'),(59,'DOMINICAN REPUBLIC','DO','0214','1','2015-06-02 11:58:36','0000-00-00 00:00:00'),(60,'ECUADOR','EC','0218','1','2015-06-02 11:58:36','0000-00-00 00:00:00'),(61,'EL SALVADOR','SV','0222','1','2015-06-02 11:58:36','0000-00-00 00:00:00'),(62,'EQUATORIAL GUINEA','GQ','0226','1','2015-06-02 11:58:36','0000-00-00 00:00:00'),(63,'ETHIOPIA','ET','0230','1','2015-06-02 11:58:36','0000-00-00 00:00:00'),(64,'ETHIOPIA','ET','0231','1','2015-06-02 11:58:36','0000-00-00 00:00:00'),(65,'ERITREA','ER','0232','1','2015-06-02 11:58:36','0000-00-00 00:00:00'),(66,'ESTONIA','EE','0233','1','2015-06-02 11:58:36','0000-00-00 00:00:00'),(67,'FIJI','FJ','0242','1','2015-06-02 11:58:36','0000-00-00 00:00:00'),(68,'FINLAND','FI','0246','1','2015-06-02 11:58:36','0000-00-00 00:00:00'),(69,'FRANCE','FR','0250','1','2015-06-02 11:58:36','0000-00-00 00:00:00'),(70,'FRENCH POLYNESIA','PF','0258','1','2015-06-02 11:58:36','0000-00-00 00:00:00'),(71,'DJIBOUTI','DJ','0262','1','2015-06-02 11:58:36','0000-00-00 00:00:00'),(72,'GABON','GA','0266','1','2015-06-02 11:58:36','0000-00-00 00:00:00'),(73,'GEORGIA','GE','0268','1','2015-06-02 11:58:36','0000-00-00 00:00:00'),(74,'GAMBIA','GM','0270','1','2015-06-02 11:58:36','0000-00-00 00:00:00'),(75,'GERMANY','DE','0276','1','2015-06-02 11:58:36','0000-00-00 00:00:00'),(76,'GERMAN DEMOCRATIC REPUBLIC','DD','0278','1','2015-06-02 11:58:36','0000-00-00 00:00:00'),(77,'GERMANY','DE','0280','1','2015-06-02 11:58:36','0000-00-00 00:00:00'),(78,'GHANA','GH','0288','1','2015-06-02 11:58:36','0000-00-00 00:00:00'),(79,'KIRIBATI','KI','0296','1','2015-06-02 11:58:36','0000-00-00 00:00:00'),(80,'GREECE','GR','0300','1','2015-06-02 11:58:36','0000-00-00 00:00:00'),(81,'GRENADA','GD','0308','1','2015-06-02 11:58:36','0000-00-00 00:00:00'),(82,'GUATEMALA','GT','0320','1','2015-06-02 11:58:36','0000-00-00 00:00:00'),(83,'GUINEA','GN','0324','1','2015-06-02 11:58:36','0000-00-00 00:00:00'),(84,'GUYANA','GY','0328','1','2015-06-02 11:58:36','0000-00-00 00:00:00'),(85,'HAITI','HT','0332','1','2015-06-02 11:58:36','0000-00-00 00:00:00'),(86,'HOLY SEE (VATICAN CITY STATE)','VA','0336','1','2015-06-02 11:58:36','0000-00-00 00:00:00'),(87,'HONDURAS','HN','0340','1','2015-06-02 11:58:36','0000-00-00 00:00:00'),(88,'HONG KONG','HK','0344','1','2015-06-02 11:58:36','0000-00-00 00:00:00'),(89,'HUNGARY','HU','0348','1','2015-06-02 11:58:36','0000-00-00 00:00:00'),(90,'ICELAND','IS','0352','1','2015-06-02 11:58:36','0000-00-00 00:00:00'),(91,'INDIA','IN','0356','1','2015-06-02 11:58:36','0000-00-00 00:00:00'),(92,'INDONESIA','ID','0360','1','2015-06-02 11:58:36','0000-00-00 00:00:00'),(93,'IRAN, ISLAMIC REPUBLIC OF','IR','0364','1','2015-06-02 11:58:36','0000-00-00 00:00:00'),(94,'IRAQ','IQ','0368','1','2015-06-02 11:58:36','0000-00-00 00:00:00'),(95,'IRELAND','IE','0372','1','2015-06-02 11:58:36','0000-00-00 00:00:00'),(96,'ISRAEL','IL','0376','1','2015-06-02 11:58:36','0000-00-00 00:00:00'),(97,'ITALY','IT','0380','1','2015-06-02 11:58:36','0000-00-00 00:00:00'),(98,'COTE D\'IVOIRE','CI','0384','1','2015-06-02 11:58:36','0000-00-00 00:00:00'),(99,'JAMAICA','JM','0388','1','2015-06-02 11:58:36','0000-00-00 00:00:00'),(100,'JAPAN','JP','0392','1','2015-06-02 11:58:36','0000-00-00 00:00:00'),(101,'KAZAKSTAN','KZ','0398','1','2015-06-02 11:58:36','0000-00-00 00:00:00'),(102,'JORDAN','JO','0400','1','2015-06-02 11:58:36','0000-00-00 00:00:00'),(103,'KENYA','KE','0404','1','2015-06-02 11:58:36','0000-00-00 00:00:00'),(104,'KOREA, DEMOCRATIC PEOPLE\'S REPUBLIC OF','KP','0408','1','2015-06-02 11:58:36','0000-00-00 00:00:00'),(105,'KOREA, REPUBLIC OF','KR','0410','1','2015-06-02 11:58:36','0000-00-00 00:00:00'),(106,'KUWAIT','KW','0414','1','2015-06-02 11:58:36','0000-00-00 00:00:00'),(107,'KYRGYZSTAN','KG','0417','1','2015-06-02 11:58:36','0000-00-00 00:00:00'),(108,'LAO PEOPLE\'S DEMOCRATIC REPUBLIC','LA','0418','1','2015-06-02 11:58:36','0000-00-00 00:00:00'),(109,'LEBANON','LB','0422','1','2015-06-02 11:58:36','0000-00-00 00:00:00'),(110,'LESOTHO','LS','0426','1','2015-06-02 11:58:36','0000-00-00 00:00:00'),(111,'LATVIA','LV','0428','1','2015-06-02 11:58:36','0000-00-00 00:00:00'),(112,'LIBERIA','LR','0430','1','2015-06-02 11:58:36','0000-00-00 00:00:00'),(113,'LIBYAN ARAB JAMAHIRIYA','LY','0434','1','2015-06-02 11:58:36','0000-00-00 00:00:00'),(114,'LIECHTENSTEIN','LI','0438','1','2015-06-02 11:58:36','0000-00-00 00:00:00'),(115,'LITHUANIA','LT','0440','1','2015-06-02 11:58:36','0000-00-00 00:00:00'),(116,'LUXEMBOURG','LU','0442','1','2015-06-02 11:58:36','0000-00-00 00:00:00'),(117,'MADAGASCAR','MG','0450','1','2015-06-02 11:58:36','0000-00-00 00:00:00'),(118,'MALAWI','MW','0454','1','2015-06-02 11:58:36','0000-00-00 00:00:00'),(119,'MALAYSIA','MY','0458','1','2015-06-02 11:58:36','0000-00-00 00:00:00'),(120,'MALDIVES','MV','0462','1','2015-06-02 11:58:36','0000-00-00 00:00:00'),(121,'MALI','ML','0466','1','2015-06-02 11:58:36','0000-00-00 00:00:00'),(122,'MALTA','MT','0470','1','2015-06-02 11:58:36','0000-00-00 00:00:00'),(123,'MAURITANIA','MR','0478','1','2015-06-02 11:58:36','0000-00-00 00:00:00'),(124,'MAURITIUS','MU','0480','1','2015-06-02 11:58:36','0000-00-00 00:00:00'),(125,'MEXICO','MX','0484','1','2015-06-02 11:58:36','0000-00-00 00:00:00'),(126,'MONACO','MC','0492','1','2015-06-02 11:58:36','0000-00-00 00:00:00'),(127,'MONGOLIA','MN','0496','1','2015-06-02 11:58:36','0000-00-00 00:00:00'),(128,'MOLDOVA, REPUBLIC OF','MD','0498','1','2015-06-02 11:58:36','0000-00-00 00:00:00'),(129,'MOROCCO','MA','0504','1','2015-06-02 11:58:36','0000-00-00 00:00:00'),(130,'MOZAMBIQUE','MZ','0508','1','2015-06-02 11:58:36','0000-00-00 00:00:00'),(131,'OMAN','OM','0512','1','2015-06-02 11:58:36','0000-00-00 00:00:00'),(132,'NAMIBIA','NA','0516','1','2015-06-02 11:58:36','0000-00-00 00:00:00'),(133,'NAURU','NR','0520','1','2015-06-02 11:58:36','0000-00-00 00:00:00'),(135,'NETHERLANDS','NL','0528','1','2015-06-02 11:58:36','0000-00-00 00:00:00'),(136,'VANUATU','VU','0548','1','2015-06-02 11:58:36','0000-00-00 00:00:00'),(137,'NEW ZEALAND','NZ','0554','1','2015-06-02 11:58:36','0000-00-00 00:00:00'),(138,'NICARAGUA','NI','0558','1','2015-06-02 11:58:36','0000-00-00 00:00:00'),(139,'NIGER','NE','0562','1','2015-06-02 11:58:36','0000-00-00 00:00:00'),(140,'NIGERIA','NG','0566','1','2015-06-02 11:58:36','0000-00-00 00:00:00'),(141,'NORWAY','NO','0578','1','2015-06-02 11:58:36','0000-00-00 00:00:00'),(142,'MICRONESIA, FEDERATED STATES OF','FM','0583','1','2015-06-02 11:58:36','0000-00-00 00:00:00'),(143,'MARSHALL ISLANDS','MH','0584','1','2015-06-02 11:58:36','0000-00-00 00:00:00'),(144,'PALAU','PW','0585','1','2015-06-02 11:58:36','0000-00-00 00:00:00'),(145,'PAKISTAN','PK','0586','1','2015-06-02 11:58:36','0000-00-00 00:00:00'),(146,'PANAMA','PA','0591','1','2015-06-02 11:58:36','0000-00-00 00:00:00'),(147,'PAPUA NEW GUINEA','PG','0598','1','2015-06-02 11:58:36','0000-00-00 00:00:00'),(148,'PARAGUAY','PY','0600','1','2015-06-02 11:58:36','0000-00-00 00:00:00'),(149,'PERU','PE','0604','1','2015-06-02 11:58:36','0000-00-00 00:00:00'),(150,'PHILIPPINES','PH','0608','1','2015-06-02 11:58:36','0000-00-00 00:00:00'),(151,'POLAND','PL','0616','1','2015-06-02 11:58:36','0000-00-00 00:00:00'),(152,'PORTUGAL','PT','0620','1','2015-06-02 11:58:36','0000-00-00 00:00:00'),(153,'GUINEA-BISSAU','GW','0624','1','2015-06-02 11:58:36','0000-00-00 00:00:00'),(154,'PUERTO RICO','PR','0630','1','2015-06-02 11:58:36','0000-00-00 00:00:00'),(155,'QATAR','QA','0634','1','2015-06-02 11:58:36','0000-00-00 00:00:00'),(156,'ROMANIA','RO','0642','1','2015-06-02 11:58:36','0000-00-00 00:00:00'),(157,'RUSSIAN FEDERATION','RU','0643','1','2015-06-02 11:58:36','0000-00-00 00:00:00'),(158,'RWANDA','RW','0646','1','2015-06-02 11:58:36','0000-00-00 00:00:00'),(159,'SAINT KITTS AND NEVIS','KN','0659','1','2015-06-02 11:58:36','0000-00-00 00:00:00'),(160,'SAINT LUCIA','LC','0662','1','2015-06-02 11:58:36','0000-00-00 00:00:00'),(161,'SAINT VINCENT AND THE GRENADINES','VC','0670','1','2015-06-02 11:58:36','0000-00-00 00:00:00'),(162,'SAN MARINO','SM','0674','1','2015-06-02 11:58:36','0000-00-00 00:00:00'),(163,'SAO TOME AND PRINCIPE','ST','0678','1','2015-06-02 11:58:36','0000-00-00 00:00:00'),(164,'SAUDI ARABIA','SA','0682','1','2015-06-02 11:58:36','0000-00-00 00:00:00'),(165,'SENEGAL','SN','0686','1','2015-06-02 11:58:36','0000-00-00 00:00:00'),(166,'SEYCHELLES','SC','0690','1','2015-06-02 11:58:36','0000-00-00 00:00:00'),(167,'SIERRA LEONE','SL','0694','1','2015-06-02 11:58:36','0000-00-00 00:00:00'),(168,'SINGAPORE','SG','0702','1','2015-06-02 11:58:36','0000-00-00 00:00:00'),(169,'SLOVAKIA','SK','0703','1','2015-06-02 11:58:36','0000-00-00 00:00:00'),(170,'VIET NAM','VN','0704','1','2015-06-02 11:58:36','0000-00-00 00:00:00'),(171,'SLOVENIA','SI','0705','1','2015-06-02 11:58:36','0000-00-00 00:00:00'),(172,'SOMALIA','SO','0706','1','2015-06-02 11:58:36','0000-00-00 00:00:00'),(173,'SOUTH AFRICA','ZA','0710','1','2015-06-02 11:58:36','0000-00-00 00:00:00'),(174,'ZIMBABWE','ZW','0716','1','2015-06-02 11:58:36','0000-00-00 00:00:00'),(175,'YEMEN, DEMOCRATIC','YD','0720','1','2015-06-02 11:58:36','0000-00-00 00:00:00'),(176,'SPAIN','ES','0724','1','2015-06-02 11:58:36','0000-00-00 00:00:00'),(177,'WESTERN SAHARA','EH','0732','1','2015-06-02 11:58:36','0000-00-00 00:00:00'),(178,'SUDAN','SD','0736','1','2015-06-02 11:58:36','0000-00-00 00:00:00'),(179,'SURINAME','SR','0740','1','2015-06-02 11:58:36','0000-00-00 00:00:00'),(180,'SWAZILAND','SZ','0748','1','2015-06-02 11:58:36','0000-00-00 00:00:00'),(181,'SWEDEN','SE','0752','1','2015-06-02 11:58:36','0000-00-00 00:00:00'),(182,'SWITZERLAND','CH','0756','1','2015-06-02 11:58:36','0000-00-00 00:00:00'),(183,'SYRIAN ARAB REPUBLIC','SY','0760','1','2015-06-02 11:58:36','0000-00-00 00:00:00'),(184,'TAJIKISTAN','TJ','0762','1','2015-06-02 11:58:36','0000-00-00 00:00:00'),(185,'THAILAND','TH','0764','1','2015-06-02 11:58:36','0000-00-00 00:00:00'),(186,'TOGO','TG','0768','1','2015-06-02 11:58:36','0000-00-00 00:00:00'),(187,'TONGA','TO','0776','1','2015-06-02 11:58:36','0000-00-00 00:00:00'),(188,'TRINIDAD AND TOBAGO','TT','0780','1','2015-06-02 11:58:36','0000-00-00 00:00:00'),(189,'UNITED ARAB EMIRATES','AE','0784','1','2015-06-02 11:58:36','0000-00-00 00:00:00'),(190,'TUNISIA','TN','0788','1','2015-06-02 11:58:36','0000-00-00 00:00:00'),(191,'TURKEY','TR','0792','1','2015-06-02 11:58:36','0000-00-00 00:00:00'),(192,'TURKMENISTAN','TM','0795','1','2015-06-02 11:58:36','0000-00-00 00:00:00'),(193,'TUVALU','TV','0798','1','2015-06-02 11:58:36','0000-00-00 00:00:00'),(194,'UGANDA','UG','0800','1','2015-06-02 11:58:36','0000-00-00 00:00:00'),(195,'UKRAINE','UA','0804','1','2015-06-02 11:58:36','0000-00-00 00:00:00'),(196,'MACEDONIA, THE FORMER YUGOSLAV REPUBLIC OF','MK','0807','1','2015-06-02 11:58:36','0000-00-00 00:00:00'),(197,'USSR','SU','0810','1','2015-06-02 11:58:36','0000-00-00 00:00:00'),(198,'EGYPT','EG','0818','1','2015-06-02 11:58:36','0000-00-00 00:00:00'),(199,'UNITED KINGDOM','GB','0826','1','2015-06-02 11:58:36','0000-00-00 00:00:00'),(200,'TANZANIA, UNITED REPUBLIC OF','TZ','0834','1','2015-06-02 11:58:36','0000-00-00 00:00:00'),(201,'UNITED STATES','US','0840','1','2015-06-02 11:58:36','0000-00-00 00:00:00'),(202,'BURKINA FASO','BF','0854','1','2015-06-02 11:58:36','0000-00-00 00:00:00'),(203,'URUGUAY','UY','0858','1','2015-06-02 11:58:36','0000-00-00 00:00:00'),(204,'UZBEKISTAN','UZ','0860','1','2015-06-02 11:58:36','0000-00-00 00:00:00'),(205,'VENEZUELA','VE','0862','1','2015-06-02 11:58:36','0000-00-00 00:00:00'),(206,'SAMOA','WS','0882','1','2015-06-02 11:58:36','0000-00-00 00:00:00'),(207,'YEMEN (0886)','YE','0886','1','2015-06-02 11:58:36','0000-00-00 00:00:00'),(208,'YEMEN (0887)','YE','0887','1','2015-06-02 11:58:36','0000-00-00 00:00:00'),(209,'YUGOSLAVIA (0890)','YU','0890','1','2015-06-02 11:58:36','0000-00-00 00:00:00'),(210,'YUGOSLAVIA (0891)','YU','0891','1','2015-06-02 11:58:36','0000-00-00 00:00:00'),(211,'ZAMBIA','ZM','0894','1','2015-06-02 11:58:36','0000-00-00 00:00:00'),(212,'AFRICA','2AF','2100','1','2015-06-02 11:58:36','0000-00-00 00:00:00'),(213,'AMERICA','2AM','2101','1','2015-06-02 11:58:36','0000-00-00 00:00:00'),(214,'AMERICAN CONTINENT','2AC','2102','1','2015-06-02 11:58:36','0000-00-00 00:00:00'),(215,'ANTILLES','2AN','2103','1','2015-06-02 11:58:36','0000-00-00 00:00:00'),(216,'APEC COUNTRIES','2AP','2104','1','2015-06-02 11:58:36','0000-00-00 00:00:00'),(217,'ASEAN COUNTRIES','2AE','2105','1','2015-06-02 11:58:36','0000-00-00 00:00:00'),(218,'ASIA','2AS','2106','1','2015-06-02 11:58:36','0000-00-00 00:00:00'),(219,'AUSTRALASIA','2AA','2107','1','2015-06-02 11:58:36','0000-00-00 00:00:00'),(220,'BALKANS','2BA','2108','1','2015-06-02 11:58:36','0000-00-00 00:00:00'),(221,'BALTIC STATES','2BS','2109','1','2015-06-02 11:58:36','0000-00-00 00:00:00'),(222,'BENELUX','2BE','2110','1','2015-06-02 11:58:36','0000-00-00 00:00:00'),(223,'BRITISH ISLES','2BI','2111','1','2015-06-02 11:58:36','0000-00-00 00:00:00'),(224,'BRITISH WEST INDIES','2BW','2112','1','2015-06-02 11:58:36','0000-00-00 00:00:00'),(225,'CENTRAL AMERICA','2CA','2113','1','2015-06-02 11:58:36','0000-00-00 00:00:00'),(226,'COMMONWEALTH','2CO','2114','1','2015-06-02 11:58:36','0000-00-00 00:00:00'),(227,'COMMONWEALTH AFRICAN TERRITORIES','2CF','2115','1','2015-06-02 11:58:36','0000-00-00 00:00:00'),(228,'COMMONWEALTH ASIAN TERRITORIES','2CS','2116','1','2015-06-02 11:58:36','0000-00-00 00:00:00'),(229,'COMMONWEALTH AUSTRALASIAN TERRITORIES','2CU','2117','1','2015-06-02 11:58:36','0000-00-00 00:00:00'),(230,'COMMONWEALTH OF INDEPENDENT STATES','2CI','2118','1','2015-06-02 11:58:36','0000-00-00 00:00:00'),(231,'EASTERN EUROPE','2EE','2119','1','2015-06-02 11:58:36','0000-00-00 00:00:00'),(232,'EUROPE','2EU','2120','1','2015-06-02 11:58:36','0000-00-00 00:00:00'),(233,'EUROPEAN ECONOMIC AREA','2EM','2121','1','2015-06-02 11:58:36','0000-00-00 00:00:00'),(234,'EUROPEAN CONTINENT','2EC','2122','1','2015-06-02 11:58:36','0000-00-00 00:00:00'),(235,'EUROPEAN ECONOMIC COMMUNITY','2EY','2123','1','2015-06-02 11:58:36','0000-00-00 00:00:00'),(236,'EUROPEAN UNION','2EN','2123','1','2015-06-02 11:58:36','0000-00-00 00:00:00'),(237,'GSA COUNTRIES','2GC','2124','1','2015-06-02 11:58:36','0000-00-00 00:00:00'),(238,'MIDDLE EAST','2ME','2125','1','2015-06-02 11:58:36','0000-00-00 00:00:00'),(239,'NAFTA COUNTRIES','2NT','2126','1','2015-06-02 11:58:36','0000-00-00 00:00:00'),(240,'NORDIC COUNTRIES','2NC','2127','1','2015-06-02 11:58:36','0000-00-00 00:00:00'),(241,'NORTH AFRICA','2NF','2128','1','2015-06-02 11:58:36','0000-00-00 00:00:00'),(242,'NORTH AMERICA','2NA','2129','1','2015-06-02 11:58:36','0000-00-00 00:00:00'),(243,'OCEANIA','2OC','2130','1','2015-06-02 11:58:36','0000-00-00 00:00:00'),(244,'SCANDINAVIA','2SC','2131','1','2015-06-02 11:58:36','0000-00-00 00:00:00'),(245,'SOUTH AMERICA','2SA','2132','1','2015-06-02 11:58:36','0000-00-00 00:00:00'),(246,'SOUTH EAST ASIA','2SE','2133','1','2015-06-02 11:58:36','0000-00-00 00:00:00'),(247,'WEST INDIES','2WI','2134','1','2015-06-02 11:58:36','0000-00-00 00:00:00'),(248,'WORLD','2WL','2136','1','2015-06-02 11:58:36','0000-00-00 00:00:00'),(249,'WEST AFRICA REGION','WAR','WA','1','2015-06-02 11:58:36','0000-00-00 00:00:00'),(250,'CENTRAL AFRICA REGION','CAR','CA','1','2015-06-02 11:58:36','0000-00-00 00:00:00'),(251,'EAST AFRICA REGION','EAR','EA','1','2015-06-02 11:58:36','0000-00-00 00:00:00'),(252,'SOUTH AFRICA REGION','SAR','SA','1','2015-06-02 11:58:36','0000-00-00 00:00:00');

/*Table structure for table `koo_gig` */

DROP TABLE IF EXISTS `koo_gig`;

CREATE TABLE `koo_gig` (
  `gig_id` int(11) NOT NULL AUTO_INCREMENT,
  `tutor_id` int(11) NOT NULL COMMENT 'User Id',
  `gig_title` varchar(100) CHARACTER SET latin1 NOT NULL,
  `cat_id` int(11) DEFAULT NULL,
  `gig_media` varchar(500) CHARACTER SET latin1 DEFAULT NULL,
  `gig_tag` varchar(255) CHARACTER SET latin1 DEFAULT NULL,
  `gig_description` text CHARACTER SET latin1,
  `gig_duration` time DEFAULT NULL COMMENT 'Duration.',
  `gig_price` decimal(10,2) DEFAULT NULL,
  `gig_avail_visual` enum('Y','N') CHARACTER SET latin1 DEFAULT 'N',
  `is_extra` enum('Y','N') CHARACTER SET latin1 DEFAULT 'N',
  `gig_important` varchar(255) CHARACTER SET latin1 DEFAULT NULL,
  `status` enum('0','1','2') CHARACTER SET latin1 DEFAULT '0',
  `slug` varchar(255) CHARACTER SET latin1 DEFAULT NULL,
  `created_at` timestamp NULL DEFAULT CURRENT_TIMESTAMP,
  `modified_at` timestamp NULL DEFAULT '0000-00-00 00:00:00',
  `created_by` int(11) DEFAULT NULL,
  `modified_by` int(11) DEFAULT NULL,
  PRIMARY KEY (`gig_id`),
  KEY `FK_koo_gig_category` (`cat_id`),
  KEY `FK_koo_gig_user` (`tutor_id`),
  CONSTRAINT `FK_koo_gig_category` FOREIGN KEY (`cat_id`) REFERENCES `koo_gig_category` (`cat_id`) ON UPDATE CASCADE,
  CONSTRAINT `FK_koo_gig_user` FOREIGN KEY (`tutor_id`) REFERENCES `koo_user` (`user_id`) ON UPDATE CASCADE
) ENGINE=InnoDB AUTO_INCREMENT=45 DEFAULT CHARSET=utf8;

/*Data for the table `koo_gig` */

insert  into `koo_gig`(`gig_id`,`tutor_id`,`gig_title`,`cat_id`,`gig_media`,`gig_tag`,`gig_description`,`gig_duration`,`gig_price`,`gig_avail_visual`,`is_extra`,`gig_important`,`status`,`slug`,`created_at`,`modified_at`,`created_by`,`modified_by`) values (36,1,'Learn English 22',1,'/gig/937f021de54a0dbaad4d9ad46d7e4176.jpg','learn english 122','English speaking 1122','00:30:00','60.00','Y','Y','Test tes ttess sste','1','learn-english-22','2015-11-23 18:24:57','2015-11-25 16:43:17',NULL,NULL),(37,2,'Learn Violin',2,'/gig/17fe01287dfbe0048a85e96a009511f4.jpg','test tag','adasd','00:05:00','10.00','Y','Y','Test tes ttess sste','1','learn-english-222','2015-11-25 12:36:07','2015-11-25 19:26:20',NULL,NULL),(38,1,'Learn Guitar',2,'/gig/937f021de54a0dbaad4d9ad46d7e4176.jpg','learn english 122','English speaking 1122','00:30:00','60.00','Y','Y','Test tes ttess sste','1','learn-english-22','2015-11-23 18:24:57','2015-11-25 16:43:17',NULL,NULL),(39,7,'Abc',3,'/gig/17fe01287dfbe0048a85e96a009511f4.jpg','test tag','adasd','00:45:00','10.00','Y','N','Test tes ttess sste','1','abc-4sfla','0000-00-00 00:00:00','2015-11-27 16:55:44',NULL,NULL),(40,3,'Dca',1,'/gig/937f021de54a0dbaad4d9ad46d7e4176.jpg','learn english 122','English speaking 1122','00:30:00','60.00','Y','Y','Test tes ttess sste','1','learn-english-22ds','2015-11-23 18:24:57','2015-11-25 16:43:17',NULL,NULL),(41,3,'Welcome a',4,'/gig/17fe01287dfbe0048a85e96a009511f4.jpg','test tag','adasd','00:45:20','10.00','Y','Y','Test tes ttess sste','1','learn-englishgfgf','2015-11-25 12:36:07','2015-11-25 19:26:20',NULL,NULL),(42,7,'New Class',5,'/gig/937f021de54a0dbaad4d9ad46d7e4176.jpg','learn english 122','English speaking 1122','00:30:00','60.00','Y','Y','Test tes ttess sste','1','learn-english-22jhgjh','2015-11-23 18:24:57','2015-11-25 16:43:17',NULL,NULL),(43,8,'Orange',6,'/gig/17fe01287dfbe0048a85e96a009511f4.jpg','test tag','adasd','00:45:20','10.00','Y','Y','Test tes ttess sste','1','learn-englishiugh','2015-11-25 12:36:07','2015-11-25 19:26:20',NULL,NULL),(44,7,'My New Gigg',1,'/gig/4f2ac3ab641706a455cc045ef253487c.jpg','new gig','My New Gigi','00:35:00','10.00','Y','Y',NULL,'0','my-new-gigg','2015-11-27 19:31:50','0000-00-00 00:00:00',NULL,NULL);

/*Table structure for table `koo_gig_booking` */

DROP TABLE IF EXISTS `koo_gig_booking`;

CREATE TABLE `koo_gig_booking` (
  `book_id` int(11) NOT NULL AUTO_INCREMENT,
  `book_guid` varchar(50) NOT NULL,
  `gig_id` int(11) NOT NULL,
  `book_user_id` int(11) NOT NULL COMMENT 'User Id',
  `book_date` timestamp NOT NULL DEFAULT CURRENT_TIMESTAMP ON UPDATE CURRENT_TIMESTAMP,
  `book_start_time` timestamp NOT NULL DEFAULT '0000-00-00 00:00:00',
  `book_end_time` timestamp NOT NULL DEFAULT '0000-00-00 00:00:00',
  `book_is_extra` enum('Y','N') DEFAULT 'N',
  `book_gig_price` decimal(10,2) DEFAULT '0.00',
  `book_extra_price` decimal(10,2) DEFAULT '0.00',
  `book_total_price` decimal(10,2) DEFAULT '0.00',
  `book_session` tinyint(4) NOT NULL DEFAULT '1',
  `book_message` text NOT NULL,
  `book_approve` enum('0','1') DEFAULT '0',
  `book_approved_time` timestamp NULL DEFAULT NULL,
  `book_payment_status` char(1) DEFAULT 'P',
  `book_payment_info` text,
  `created_at` timestamp NOT NULL DEFAULT CURRENT_TIMESTAMP,
  `modified_at` timestamp NOT NULL DEFAULT '0000-00-00 00:00:00',
  PRIMARY KEY (`book_id`),
  KEY `FK_koo_gig_booking_gig` (`gig_id`),
  KEY `FK_koo_gig_booking_user` (`book_user_id`),
  CONSTRAINT `FK_koo_gig_booking_gig` FOREIGN KEY (`gig_id`) REFERENCES `koo_gig` (`gig_id`) ON DELETE CASCADE ON UPDATE CASCADE,
  CONSTRAINT `FK_koo_gig_booking_user` FOREIGN KEY (`book_user_id`) REFERENCES `koo_user` (`user_id`) ON DELETE CASCADE ON UPDATE CASCADE
) ENGINE=InnoDB DEFAULT CHARSET=latin1;

/*Data for the table `koo_gig_booking` */

/*Table structure for table `koo_gig_category` */

DROP TABLE IF EXISTS `koo_gig_category`;

CREATE TABLE `koo_gig_category` (
  `cat_id` int(11) NOT NULL AUTO_INCREMENT,
  `cat_name` varchar(100) NOT NULL,
  `cat_description` text,
  `cat_image` varchar(500) DEFAULT NULL,
  `status` enum('0','1','2') DEFAULT '1',
  `slug` varchar(255) DEFAULT NULL,
  `created_at` timestamp NOT NULL DEFAULT CURRENT_TIMESTAMP,
  `modified_at` timestamp NOT NULL DEFAULT '0000-00-00 00:00:00',
  `created_by` int(11) DEFAULT NULL,
  `modified_by` int(11) DEFAULT NULL,
  PRIMARY KEY (`cat_id`)
) ENGINE=InnoDB AUTO_INCREMENT=7 DEFAULT CHARSET=latin1;

/*Data for the table `koo_gig_category` */

insert  into `koo_gig_category`(`cat_id`,`cat_name`,`cat_description`,`cat_image`,`status`,`slug`,`created_at`,`modified_at`,`created_by`,`modified_by`) values (1,'Learn English Speaking','Category Descc','/gigcategory/2c05c74ee923d2d171fcc9dd94fe57dd.jpg','1','learn-english-speaking','2015-11-18 16:42:50','2015-11-23 18:18:31',NULL,NULL),(2,'Learn Violin','','/gigcategory/686d1c6a88b741429ace989a6b1aeb4f.jpg','1','learn-violin','2015-11-18 16:42:52','2015-11-26 10:25:59',NULL,NULL),(3,'Learn Writing French','','/gigcategory/f1d54ea92ce4f67ed38fe4198d6d4d38.jpg','1',NULL,'2015-11-18 16:42:56','2015-11-23 11:05:29',NULL,NULL),(4,'Learn Spanish Speaking','','/gigcategory/70d3a7ea99f280c698ebf2ec2e034c22.jpg','1',NULL,'2015-11-23 11:07:24','0000-00-00 00:00:00',NULL,NULL),(5,'Programming Languages','','/gigcategory/ec5d4a16b8fdfb787dd77d34639dd2ad.jpg','1',NULL,'2015-11-23 11:07:51','0000-00-00 00:00:00',NULL,NULL),(6,'Film & Media','asdsdsdsd','/gigcategory/de740ce334d9e00211083607a982c781.jpg','1',NULL,'2015-11-23 11:08:09','2015-11-23 18:17:48',NULL,NULL);

/*Table structure for table `koo_gig_comments` */

DROP TABLE IF EXISTS `koo_gig_comments`;

CREATE TABLE `koo_gig_comments` (
  `com_id` int(11) NOT NULL AUTO_INCREMENT,
  `gig_id` int(11) NOT NULL,
  `user_id` int(11) NOT NULL,
  `com_comment` text NOT NULL,
  `com_rating` double DEFAULT '0',
  `status` enum('1','0','2') DEFAULT '0' COMMENT '0 -> In-Active, 1 -> Approved, 2 -> --',
  `created_at` timestamp NOT NULL DEFAULT CURRENT_TIMESTAMP,
  `modified_at` timestamp NOT NULL DEFAULT '0000-00-00 00:00:00',
  PRIMARY KEY (`com_id`),
  KEY `FK_koo_gig_comments_users` (`user_id`),
  KEY `FK_koo_gig_comments_gig` (`gig_id`),
  CONSTRAINT `FK_koo_gig_comments_gig` FOREIGN KEY (`gig_id`) REFERENCES `koo_gig` (`gig_id`) ON DELETE CASCADE ON UPDATE CASCADE,
  CONSTRAINT `FK_koo_gig_comments_users` FOREIGN KEY (`user_id`) REFERENCES `koo_user` (`user_id`) ON UPDATE CASCADE
) ENGINE=InnoDB DEFAULT CHARSET=latin1;

/*Data for the table `koo_gig_comments` */

/*Table structure for table `koo_gig_extra` */

DROP TABLE IF EXISTS `koo_gig_extra`;

CREATE TABLE `koo_gig_extra` (
  `extra_id` int(11) NOT NULL AUTO_INCREMENT,
  `gig_id` int(11) NOT NULL,
  `extra_price` decimal(10,2) NOT NULL,
  `extra_description` text NOT NULL,
  `extra_file` varchar(500) DEFAULT NULL,
  `created_by` timestamp NULL DEFAULT CURRENT_TIMESTAMP,
  `modified_by` timestamp NULL DEFAULT '0000-00-00 00:00:00',
  PRIMARY KEY (`extra_id`),
  KEY `FK_koo_gig_extra_gig` (`gig_id`),
  CONSTRAINT `FK_koo_gig_extra_gig` FOREIGN KEY (`gig_id`) REFERENCES `koo_gig` (`gig_id`) ON DELETE CASCADE ON UPDATE CASCADE
) ENGINE=InnoDB AUTO_INCREMENT=30 DEFAULT CHARSET=latin1;

/*Data for the table `koo_gig_extra` */

insert  into `koo_gig_extra`(`extra_id`,`gig_id`,`extra_price`,`extra_description`,`extra_file`,`created_by`,`modified_by`) values (20,36,'25.00','Extra description','/gigextra/a9f2d0d9386c0f793127deac0115371e.png','2015-11-23 18:24:57','0000-00-00 00:00:00'),(21,36,'10.00','Extra description 1111','/gigextra/3d43fdc2184b8832b640f19f6e643e0b.png','2015-11-25 12:34:32','0000-00-00 00:00:00'),(22,37,'5.00','testtt','/gigextra/f866469adccabcd461025a85a5c94730.png','2015-11-25 12:36:08','0000-00-00 00:00:00'),(23,36,'25.00','Extra description','','2015-11-25 16:43:18','0000-00-00 00:00:00'),(24,37,'5.00','testtt','','2015-11-25 16:47:41','0000-00-00 00:00:00'),(25,37,'5.00','testtt','','2015-11-25 16:59:12','0000-00-00 00:00:00'),(26,37,'5.00','testtt','','2015-11-25 16:59:54','0000-00-00 00:00:00'),(27,37,'5.00','testtt','','2015-11-25 17:00:02','0000-00-00 00:00:00'),(28,37,'5.00','testtt','','2015-11-25 19:26:20','0000-00-00 00:00:00'),(29,44,'5.00','Extra File','','2015-11-27 19:31:51','0000-00-00 00:00:00');

/*Table structure for table `koo_gig_tokens` */

DROP TABLE IF EXISTS `koo_gig_tokens`;

CREATE TABLE `koo_gig_tokens` (
  `token_id` int(11) NOT NULL AUTO_INCREMENT,
  `book_id` int(11) NOT NULL,
  `learner_id` int(11) NOT NULL COMMENT 'Learner''s User id',
  `session_key` mediumtext,
  `token_key` mediumtext,
  `session_data` text,
  `created_at` timestamp NOT NULL DEFAULT CURRENT_TIMESTAMP,
  `modified_at` timestamp NOT NULL DEFAULT '0000-00-00 00:00:00',
  PRIMARY KEY (`token_id`)
) ENGINE=InnoDB DEFAULT CHARSET=latin1;

/*Data for the table `koo_gig_tokens` */

/*Table structure for table `koo_language` */

DROP TABLE IF EXISTS `koo_language`;

CREATE TABLE `koo_language` (
  `lang_Id` int(11) NOT NULL AUTO_INCREMENT COMMENT 'ID:',
  `lang_code` varchar(10) DEFAULT NULL,
  `lang_name` varchar(45) NOT NULL COMMENT 'Language:',
  `status` enum('0','1') NOT NULL DEFAULT '1' COMMENT 'Status:',
  `created_at` timestamp NULL DEFAULT CURRENT_TIMESTAMP,
  `modified_at` timestamp NULL DEFAULT '0000-00-00 00:00:00',
  PRIMARY KEY (`lang_Id`)
) ENGINE=InnoDB AUTO_INCREMENT=149 DEFAULT CHARSET=latin1;

/*Data for the table `koo_language` */

insert  into `koo_language`(`lang_Id`,`lang_code`,`lang_name`,`status`,`created_at`,`modified_at`) values (1,'EN','English','1','2015-03-16 03:41:49','0000-00-00 00:00:00'),(5,'NE','Nepalese','1','2015-04-11 08:58:57','0000-00-00 00:00:00'),(9,'FR','French','1','2015-05-31 14:06:06','0000-00-00 00:00:00'),(11,'ES','Spanish','1','2015-05-31 14:06:06','0000-00-00 00:00:00'),(12,'DE','German','1','2015-05-31 14:06:06','0000-00-00 00:00:00'),(13,'RU','Russian','1','2015-05-31 14:06:06','0000-00-00 00:00:00'),(14,'OA','(Afan) Oromo','1','2015-05-31 14:06:06','0000-00-00 00:00:00'),(15,'AB','Abkhasian','1','2015-05-31 14:06:06','0000-00-00 00:00:00'),(16,'AA','Afar','1','2015-05-31 14:06:06','0000-00-00 00:00:00'),(17,'AF','Afrikaans','1','2015-05-31 14:06:06','0000-00-00 00:00:00'),(18,'SQ','Albanian','1','2015-05-31 14:06:06','0000-00-00 00:00:00'),(19,'AM','Amharic','1','2015-05-31 14:06:06','0000-00-00 00:00:00'),(20,'AR','Arabic','1','2015-05-31 14:06:06','0000-00-00 00:00:00'),(21,'HY','Armenian','1','2015-05-31 14:06:06','0000-00-00 00:00:00'),(22,'AS','Assamese','1','2015-05-31 14:06:06','0000-00-00 00:00:00'),(23,'AY','Aymara','1','2015-05-31 14:06:06','0000-00-00 00:00:00'),(24,'AZ','Azerbaijani','1','2015-05-31 14:06:06','0000-00-00 00:00:00'),(25,'BA','Bashkir','1','2015-05-31 14:06:06','0000-00-00 00:00:00'),(26,'EU','Basque','1','2015-05-31 14:06:06','0000-00-00 00:00:00'),(27,'BN','Bengali;Bangla','1','2015-05-31 14:06:06','0000-00-00 00:00:00'),(28,'DZ','Bhutani','1','2015-05-31 14:06:06','0000-00-00 00:00:00'),(29,'BH','Bihari','1','2015-05-31 14:06:06','0000-00-00 00:00:00'),(30,'BI','Bislama','1','2015-05-31 14:06:06','0000-00-00 00:00:00'),(31,'BR','Breton','1','2015-05-31 14:06:06','0000-00-00 00:00:00'),(32,'BG','Bulgarian','1','2015-05-31 14:06:06','0000-00-00 00:00:00'),(33,'MY','Burmese','1','2015-05-31 14:06:06','0000-00-00 00:00:00'),(34,'BE','Byelorussian','1','2015-05-31 14:06:06','0000-00-00 00:00:00'),(35,'KM','Cambodian','1','2015-05-31 14:06:06','0000-00-00 00:00:00'),(36,'CA','Catalan','1','2015-05-31 14:06:06','0000-00-00 00:00:00'),(37,'ZH','Chinese','1','2015-05-31 14:06:06','0000-00-00 00:00:00'),(38,'CO','Corsican','1','2015-05-31 14:06:06','0000-00-00 00:00:00'),(39,'HR','Croatian','1','2015-05-31 14:06:06','0000-00-00 00:00:00'),(40,'CS','Czech','1','2015-05-31 14:06:06','0000-00-00 00:00:00'),(41,'DA','Danish','1','2015-05-31 14:06:06','0000-00-00 00:00:00'),(42,'NL','Dutch','1','2015-05-31 14:06:06','0000-00-00 00:00:00'),(43,'EO','Esperanto','1','2015-05-31 14:06:06','0000-00-00 00:00:00'),(44,'ET','Estonian','1','2015-05-31 14:06:06','0000-00-00 00:00:00'),(45,'FO','Faeroese','1','2015-05-31 14:06:06','0000-00-00 00:00:00'),(46,'FA','Farsi','1','2015-05-31 14:06:06','0000-00-00 00:00:00'),(47,'FJ','Fiji','1','2015-05-31 14:06:06','0000-00-00 00:00:00'),(48,'FI','Finnish','1','2015-05-31 14:06:06','0000-00-00 00:00:00'),(49,'FY','Frisian','1','2015-05-31 14:06:06','0000-00-00 00:00:00'),(50,'GL','Galician','1','2015-05-31 14:06:06','0000-00-00 00:00:00'),(51,'KA','Georgian','1','2015-05-31 14:06:06','0000-00-00 00:00:00'),(52,'EL','Greek','1','2015-05-31 14:06:06','0000-00-00 00:00:00'),(53,'KL','Greenlandic','1','2015-05-31 14:06:06','0000-00-00 00:00:00'),(54,'GN','Guarani','1','2015-05-31 14:06:06','0000-00-00 00:00:00'),(55,'GU','Gujarati','1','2015-05-31 14:06:06','0000-00-00 00:00:00'),(56,'HA','Hausa','1','2015-05-31 14:06:06','0000-00-00 00:00:00'),(57,'HW','Hawaii','1','2015-05-31 14:06:06','0000-00-00 00:00:00'),(58,'IW','Hebrew','1','2015-05-31 14:06:06','0000-00-00 00:00:00'),(59,'HI','Hindi','1','2015-05-31 14:06:06','0000-00-00 00:00:00'),(60,'HU','Hungarian','1','2015-05-31 14:06:06','0000-00-00 00:00:00'),(61,'IS','Icelandic','1','2015-05-31 14:06:06','0000-00-00 00:00:00'),(62,'IN','Indonesian','1','2015-05-31 14:06:06','0000-00-00 00:00:00'),(63,'IA','Interlingua','1','2015-05-31 14:06:06','0000-00-00 00:00:00'),(64,'IE','Interlingue','1','2015-05-31 14:06:06','0000-00-00 00:00:00'),(65,'IK','Inupiak','1','2015-05-31 14:06:06','0000-00-00 00:00:00'),(66,'GA','Irish','1','2015-05-31 14:06:06','0000-00-00 00:00:00'),(67,'IT','Italian','1','2015-05-31 14:06:06','0000-00-00 00:00:00'),(68,'JA','Japanese','1','2015-05-31 14:06:06','0000-00-00 00:00:00'),(69,'JW','Javanese','1','2015-05-31 14:06:06','0000-00-00 00:00:00'),(70,'KN','Kannada','1','2015-05-31 14:06:06','0000-00-00 00:00:00'),(71,'KS','Kashmiri','1','2015-05-31 14:06:06','0000-00-00 00:00:00'),(72,'KK','Kazakh','1','2015-05-31 14:06:06','0000-00-00 00:00:00'),(73,'RW','Kinyarwanda','1','2015-05-31 14:06:06','0000-00-00 00:00:00'),(74,'KY','Kirghiz','1','2015-05-31 14:06:06','0000-00-00 00:00:00'),(75,'RN','Kirundi','1','2015-05-31 14:06:06','0000-00-00 00:00:00'),(76,'KO','Korean','1','2015-05-31 14:06:06','0000-00-00 00:00:00'),(77,'KU','Kurdish','1','2015-05-31 14:06:06','0000-00-00 00:00:00'),(78,'LO','Laothian','1','2015-05-31 14:06:06','0000-00-00 00:00:00'),(79,'LA','Latin','1','2015-05-31 14:06:06','0000-00-00 00:00:00'),(80,'LV','Latvian;Lettish','1','2015-05-31 14:06:06','0000-00-00 00:00:00'),(81,'LN','Lingala','1','2015-05-31 14:06:06','0000-00-00 00:00:00'),(82,'LT','Lithuanian','1','2015-05-31 14:06:06','0000-00-00 00:00:00'),(83,'MK','Macedonian','1','2015-05-31 14:06:06','0000-00-00 00:00:00'),(84,'MG','Malagasy','1','2015-05-31 14:06:06','0000-00-00 00:00:00'),(85,'MS','Malay','1','2015-05-31 14:06:06','0000-00-00 00:00:00'),(86,'ML','Malayalam','1','2015-05-31 14:06:06','0000-00-00 00:00:00'),(87,'MT','Maltese','1','2015-05-31 14:06:06','0000-00-00 00:00:00'),(88,'MI','Maori','1','2015-05-31 14:06:06','0000-00-00 00:00:00'),(89,'MR','Marathi','1','2015-05-31 14:06:06','0000-00-00 00:00:00'),(90,'MO','Moldavian','1','2015-05-31 14:06:06','0000-00-00 00:00:00'),(91,'MN','Mongolian','1','2015-05-31 14:06:06','0000-00-00 00:00:00'),(92,'NA','Nauru','1','2015-05-31 14:06:06','0000-00-00 00:00:00'),(94,'NO','Norwegian','1','2015-05-31 14:06:06','0000-00-00 00:00:00'),(95,'OC','Occitan','1','2015-05-31 14:06:06','0000-00-00 00:00:00'),(96,'OR','Oriya','1','2015-05-31 14:06:06','0000-00-00 00:00:00'),(97,'OM','Oromo','1','2015-05-31 14:06:06','0000-00-00 00:00:00'),(98,'PM','Papiamento','1','2015-05-31 14:06:06','0000-00-00 00:00:00'),(99,'PS','Pashto;Pushto','1','2015-05-31 14:06:06','0000-00-00 00:00:00'),(100,'FA','Persian','1','2015-05-31 14:06:06','0000-00-00 00:00:00'),(101,'PL','Polish','1','2015-05-31 14:06:06','0000-00-00 00:00:00'),(102,'PT','Portuguese','1','2015-05-31 14:06:06','0000-00-00 00:00:00'),(103,'PA','Punjabi','1','2015-05-31 14:06:06','0000-00-00 00:00:00'),(104,'QU','Quechua','1','2015-05-31 14:06:06','0000-00-00 00:00:00'),(105,'RM','Rhaeto-Romance','1','2015-05-31 14:06:06','0000-00-00 00:00:00'),(106,'RO','Romanian','1','2015-05-31 14:06:06','0000-00-00 00:00:00'),(107,'SM','Samoan','1','2015-05-31 14:06:06','0000-00-00 00:00:00'),(108,'SG','Sangro','1','2015-05-31 14:06:06','0000-00-00 00:00:00'),(109,'SA','Sanskrit','1','2015-05-31 14:06:06','0000-00-00 00:00:00'),(110,'GD','Scots Gaelic','1','2015-05-31 14:06:06','0000-00-00 00:00:00'),(111,'SR','Serbian','1','2015-05-31 14:06:06','0000-00-00 00:00:00'),(112,'SH','Serbo-Croatian','1','2015-05-31 14:06:06','0000-00-00 00:00:00'),(113,'ST','Sesotho','1','2015-05-31 14:06:06','0000-00-00 00:00:00'),(114,'TN','Setswana','1','2015-05-31 14:06:06','0000-00-00 00:00:00'),(115,'SN','Shona','1','2015-05-31 14:06:06','0000-00-00 00:00:00'),(116,'SD','Sindhi','1','2015-05-31 14:06:06','0000-00-00 00:00:00'),(117,'SI','Singhalese','1','2015-05-31 14:06:06','0000-00-00 00:00:00'),(118,'SS','Siswati','1','2015-05-31 14:06:06','0000-00-00 00:00:00'),(119,'SK','Slovak','1','2015-05-31 14:06:06','0000-00-00 00:00:00'),(120,'SL','Slovenian','1','2015-05-31 14:06:06','0000-00-00 00:00:00'),(121,'SO','Somali','1','2015-05-31 14:06:06','0000-00-00 00:00:00'),(122,'SU','Sundanese','1','2015-05-31 14:06:06','0000-00-00 00:00:00'),(123,'SW','Swahili','1','2015-05-31 14:06:06','0000-00-00 00:00:00'),(124,'SV','Swedish','1','2015-05-31 14:06:06','0000-00-00 00:00:00'),(125,'TL','Tagalog','1','2015-05-31 14:06:06','0000-00-00 00:00:00'),(126,'TG','Tajik','1','2015-05-31 14:06:06','0000-00-00 00:00:00'),(127,'TA','Tamil','1','2015-05-31 14:06:06','0000-00-00 00:00:00'),(128,'TT','Tatar','1','2015-05-31 14:06:06','0000-00-00 00:00:00'),(129,'TE','Tegulu','1','2015-05-31 14:06:06','0000-00-00 00:00:00'),(130,'TH','Thai','1','2015-05-31 14:06:06','0000-00-00 00:00:00'),(131,'BO','Tibetan','1','2015-05-31 14:06:06','0000-00-00 00:00:00'),(132,'TI','Tigrinya','1','2015-05-31 14:06:06','0000-00-00 00:00:00'),(133,'TO','Tonga','1','2015-05-31 14:06:06','0000-00-00 00:00:00'),(134,'TS','Tsonga','1','2015-05-31 14:06:06','0000-00-00 00:00:00'),(135,'TR','Turkish','1','2015-05-31 14:06:06','0000-00-00 00:00:00'),(136,'TK','Turkmen','1','2015-05-31 14:06:06','0000-00-00 00:00:00'),(137,'TW','Twi','1','2015-05-31 14:06:06','0000-00-00 00:00:00'),(138,'UK','Ukrainian','1','2015-05-31 14:06:06','0000-00-00 00:00:00'),(139,'UR','Urdu','1','2015-05-31 14:06:06','0000-00-00 00:00:00'),(140,'UZ','Uzbek','1','2015-05-31 14:06:06','0000-00-00 00:00:00'),(141,'VI','Vietnamese','1','2015-05-31 14:06:06','0000-00-00 00:00:00'),(142,'VO','Volapuk','1','2015-05-31 14:06:06','0000-00-00 00:00:00'),(143,'CY','Welsh','1','2015-05-31 14:06:06','0000-00-00 00:00:00'),(144,'WO','Wolof','1','2015-05-31 14:06:06','0000-00-00 00:00:00'),(145,'XH','Xhosa','1','2015-05-31 14:06:06','0000-00-00 00:00:00'),(146,'JI','Yiddish','1','2015-05-31 14:06:06','0000-00-00 00:00:00'),(147,'YO','Yoruba','1','2015-05-31 14:06:06','0000-00-00 00:00:00'),(148,'ZU','Zulu','1','2015-05-31 14:06:06','0000-00-00 00:00:00');

/*Table structure for table `koo_locales` */

DROP TABLE IF EXISTS `koo_locales`;

CREATE TABLE `koo_locales` (
  `id` int(11) NOT NULL AUTO_INCREMENT,
  `code` varchar(255) COLLATE utf8_unicode_ci NOT NULL,
  `name` varchar(255) COLLATE utf8_unicode_ci NOT NULL,
  `local_name` varchar(255) COLLATE utf8_unicode_ci NOT NULL,
  PRIMARY KEY (`id`)
) ENGINE=InnoDB AUTO_INCREMENT=583 DEFAULT CHARSET=utf8 COLLATE=utf8_unicode_ci;

/*Data for the table `koo_locales` */

insert  into `koo_locales`(`id`,`code`,`name`,`local_name`) values (1,'en_gb','English (United Kingdom)','English (United Kingdom)'),(2,'aa','Afar','Afar'),(3,'aa_dj','Afar (Djibouti)','Afar (Djibouti)'),(4,'aa_er','Afar (Eritrea)','Afar (Eritrea)'),(5,'aa_et','Afar (Ethiopia)','Afar (Ethiopia)'),(6,'af','Afrikaans','Afrikaans'),(7,'af_na','Afrikaans (Namibia)','Afrikaans (Namibi)'),(8,'af_za','Afrikaans (South Africa)','Afrikaans (Suid-Afrika)'),(9,'ak','Akan','Akan'),(10,'ak_gh','Akan (Ghana)','Akan (Gaana)'),(11,'am','Amharic',''),(12,'am_et','Amharic (Ethiopia)',' ()'),(13,'ar','Arabic',''),(14,'ar_ae','Arabic (United Arab Emirates)',' (  )'),(15,'ar_bh','Arabic (Bahrain)',' ()'),(16,'ar_dz','Arabic (Algeria)',' ()'),(17,'ar_eg','Arabic (Egypt)',' ()'),(18,'ar_iq','Arabic (Iraq)',' ()'),(19,'ar_jo','Arabic (Jordan)',' ()'),(20,'ar_kw','Arabic (Kuwait)',' ()'),(21,'ar_lb','Arabic (Lebanon)',' ()'),(22,'ar_ly','Arabic (Libya)',' ()'),(23,'ar_ma','Arabic (Morocco)',' ()'),(24,'ar_om','Arabic (Oman)',' ()'),(25,'ar_qa','Arabic (Qatar)',' ()'),(26,'ar_sa','Arabic (Saudi Arabia)',' (  )'),(27,'ar_sd','Arabic (Sudan)',' ()'),(28,'ar_sy','Arabic (Syria)',' ()'),(29,'ar_tn','Arabic (Tunisia)',' ()'),(30,'ar_ye','Arabic (Yemen)',' ()'),(31,'as','Assamese',''),(32,'as_in','Assamese (India)',' ()'),(33,'asa','Asu','Kipare'),(34,'asa_tz','Asu (Tanzania)','Kipare (Tadhania)'),(35,'az','Azerbaijani','azrbaycanca'),(36,'az_az','Azerbaijani (Azerbaijan)','Azerbaijani (Azerbaijan)'),(37,'az_cyrl','Azerbaijani (Cyrillic)',' (Cyrl)'),(38,'az_cyrl_az','Azerbaijani (Cyrillic, Azerbaijan)',' (Cyrl, )'),(39,'az_latn','Azerbaijani (Latin)','azrbaycanca (latn)'),(40,'az_latn_az','Azerbaijani (Latin, Azerbaijan)','azrbaycanca (latn, Azrbaycan)'),(41,'be','Belarusian',''),(42,'be_by','Belarusian (Belarus)',' ()'),(43,'bem','Bemba','Ichibemba'),(44,'bem_zm','Bemba (Zambia)','Ichibemba (Zambia)'),(45,'bez','Bena','Hibena'),(46,'bez_tz','Bena (Tanzania)','Hibena (Hutanzania)'),(47,'bg','Bulgarian',''),(48,'bg_bg','Bulgarian (Bulgaria)',' ()'),(49,'bm','Bambara','bamanakan'),(50,'bm_ml','Bambara (Mali)','bamanakan (Mali)'),(51,'bn','Bengali',''),(52,'bn_bd','Bengali (Bangladesh)',' ()'),(53,'bn_in','Bengali (India)',' ()'),(54,'bo','Tibetan',''),(55,'bo_cn','Tibetan (China)',' ()'),(56,'bo_in','Tibetan (India)',' ()'),(57,'bs','Bosnian','bosanski'),(58,'bs_ba','Bosnian (Bosnia and Herzegovina)','bosanski (Bosna i Hercegovina)'),(59,'byn','Blin','Blin'),(60,'byn_er','Blin (Eritrea)','Blin (Eritrea)'),(61,'ca','Catalan','catal'),(62,'ca_es','Catalan (Spain)','catal (Espanya)'),(63,'cch','Atsam','Atsam'),(64,'cch_ng','Atsam (Nigeria)','Atsam (Nigeria)'),(65,'cgg','Chiga','Rukiga'),(66,'cgg_ug','Chiga (Uganda)','Rukiga (Uganda)'),(67,'chr','Cherokee',''),(68,'chr_us','Cherokee (United States)',' ()'),(69,'cs','Czech','etina'),(70,'cs_cz','Czech (Czech Republic)','etina (esk republika)'),(71,'cy','Welsh','Cymraeg'),(72,'cy_gb','Welsh (United Kingdom)','Cymraeg (Prydain Fawr)'),(73,'da','Danish','dansk'),(74,'da_dk','Danish (Denmark)','dansk (Danmark)'),(75,'dav','Taita','Kitaita'),(76,'dav_ke','Taita (Kenya)','Kitaita (Kenya)'),(77,'de','German','Deutsch'),(78,'de_at','German (Austria)','Deutsch (sterreich)'),(79,'de_be','German (Belgium)','Deutsch (Belgien)'),(80,'de_ch','German (Switzerland)','Deutsch (Schweiz)'),(81,'de_de','German (Germany)','Deutsch (Deutschland)'),(82,'de_li','German (Liechtenstein)','Deutsch (Liechtenstein)'),(83,'de_lu','German (Luxembourg)','Deutsch (Luxemburg)'),(84,'dv','Divehi','Divehi'),(85,'dv_mv','Divehi (Maldives)','Divehi (Maldives)'),(86,'dz','Dzongkha','Dzongkha'),(87,'dz_bt','Dzongkha (Bhutan)','Dzongkha (Bhutan)'),(88,'ebu','Embu','Kembu'),(89,'ebu_ke','Embu (Kenya)','Kembu (Kenya)'),(90,'ee','Ewe','Eegbe'),(91,'ee_gh','Ewe (Ghana)','Eegbe (Ghanadu)'),(92,'ee_tg','Ewe (Togo)','Eegbe (Togodu)'),(93,'el','Greek',''),(94,'el_cy','Greek (Cyprus)',' ()'),(95,'el_gr','Greek (Greece)',' ()'),(96,'el_polyton','Greek','Greek'),(97,'en','English','English'),(98,'en_as','English (American Samoa)','English (American Samoa)'),(99,'en_au','English (Australia)','English (Australia)'),(100,'en_be','English (Belgium)','English (Belgium)'),(101,'en_bw','English (Botswana)','English (Botswana)'),(102,'en_bz','English (Belize)','English (Belize)'),(103,'en_ca','English (Canada)','English (Canada)'),(104,'en_dsrt','English ((Deseret))','English ((Deseret))'),(105,'en_dsrt_us','English (United States (Deseret))','English (United States (Deseret))'),(107,'en_gu','English (Guam)','English (Guam)'),(108,'en_hk','English (Hong Kong SAR China)','English (Hong Kong SAR China)'),(109,'en_ie','English (Ireland)','English (Ireland)'),(110,'en_in','English (India)','English (India)'),(111,'en_jm','English (Jamaica)','English (Jamaica)'),(112,'en_mh','English (Marshall Islands)','English (Marshall Islands)'),(113,'en_mp','English (Northern Mariana Islands)','English (Northern Mariana Islands)'),(114,'en_mt','English (Malta)','English (Malta)'),(115,'en_mu','English (Mauritius)','English (Mauritius)'),(116,'en_na','English (Namibia)','English (Namibia)'),(117,'en_nz','English (New Zealand)','English (New Zealand)'),(118,'en_ph','English (Philippines)','English (Philippines)'),(119,'en_pk','English (Pakistan)','English (Pakistan)'),(120,'en_sg','English (Singapore)','English (Singapore)'),(121,'en_shaw','English ((Shavian))','English ((Shavian))'),(122,'en_tt','English (Trinidad and Tobago)','English (Trinidad and Tobago)'),(123,'en_um','English (U.S. Minor Outlying Islands)','English (U.S. Minor Outlying Islands)'),(124,'en_us','English (United States)','English (United States)'),(125,'en_us_posix','English (United States, Computer)','English (United States, Computer)'),(126,'en_vi','English (U.S. Virgin Islands)','English (U.S. Virgin Islands)'),(127,'en_za','English (South Africa)','English (South Africa)'),(128,'en_zw','English (Zimbabwe)','English (Zimbabwe)'),(129,'eo','Esperanto','esperanto'),(130,'es','Spanish','espaol'),(131,'es_419','Spanish (Latin America)','espaol (Latinoamrica y el Caribe)'),(132,'es_ar','Spanish (Argentina)','espaol (Argentina)'),(133,'es_bo','Spanish (Bolivia)','espaol (Bolivia)'),(134,'es_cl','Spanish (Chile)','espaol (Chile)'),(135,'es_co','Spanish (Colombia)','espaol (Colombia)'),(136,'es_cr','Spanish (Costa Rica)','espaol (Costa Rica)'),(137,'es_do','Spanish (Dominican Republic)','espaol (Repblica Dominicana)'),(138,'es_ec','Spanish (Ecuador)','espaol (Ecuador)'),(139,'es_es','Spanish (Spain)','espaol (Espaa)'),(140,'es_gq','Spanish (Equatorial Guinea)','espaol (Guinea Ecuatorial)'),(141,'es_gt','Spanish (Guatemala)','espaol (Guatemala)'),(142,'es_hn','Spanish (Honduras)','espaol (Honduras)'),(143,'es_mx','Spanish (Mexico)','espaol (Mxico)'),(144,'es_ni','Spanish (Nicaragua)','espaol (Nicaragua)'),(145,'es_pa','Spanish (Panama)','espaol (Panam)'),(146,'es_pe','Spanish (Peru)','espaol (Per)'),(147,'es_pr','Spanish (Puerto Rico)','espaol (Puerto Rico)'),(148,'es_py','Spanish (Paraguay)','espaol (Paraguay)'),(149,'es_sv','Spanish (El Salvador)','espaol (El Salvador)'),(150,'es_us','Spanish (United States)','espaol (Estados Unidos)'),(151,'es_uy','Spanish (Uruguay)','espaol (Uruguay)'),(152,'es_ve','Spanish (Venezuela)','espaol (Venezuela)'),(153,'et','Estonian','eesti'),(154,'et_ee','Estonian (Estonia)','eesti (Eesti)'),(155,'eu','Basque','euskara'),(156,'eu_es','Basque (Spain)','euskara (Espainia)'),(157,'fa','Persian',''),(158,'fa_af','Persian (Afghanistan)',' ()'),(159,'fa_ir','Persian (Iran)',' ()'),(160,'ff','Fulah','Pulaar'),(161,'ff_sn','Fulah (Senegal)','Pulaar (Senegaal)'),(162,'fi','Finnish','suomi'),(163,'fi_fi','Finnish (Finland)','suomi (Suomi)'),(164,'fil','Filipino','Filipino'),(165,'fil_ph','Filipino (Philippines)','Filipino (Pilipinas)'),(166,'fo','Faroese','froyskt'),(167,'fo_fo','Faroese (Faroe Islands)','froyskt (Froyar)'),(168,'fr','French','franais'),(169,'fr_be','French (Belgium)','franais (Belgique)'),(170,'fr_bf','French (Burkina Faso)','franais (Burkina Faso)'),(171,'fr_bi','French (Burundi)','franais (Burundi)'),(172,'fr_bj','French (Benin)','franais (Bnin)'),(173,'fr_bl','French (Saint Barthlemy)','franais (Saint-Barthlmy)'),(174,'fr_ca','French (Canada)','franais (Canada)'),(175,'fr_cd','French (Congo - Kinshasa)','franais (Rpublique dmocratique du Congo)'),(176,'fr_cf','French (Central African Republic)','franais (Rpublique centrafricaine)'),(177,'fr_cg','French (Congo - Brazzaville)','franais (Congo-Brazzaville)'),(178,'fr_ch','French (Switzerland)','franais (Suisse)'),(179,'fr_ci','French (Cte dIvoire)','franais (Cte dIvoire)'),(180,'fr_cm','French (Cameroon)','franais (Cameroun)'),(181,'fr_dj','French (Djibouti)','franais (Djibouti)'),(182,'fr_fr','French (France)','franais (France)'),(183,'fr_ga','French (Gabon)','franais (Gabon)'),(184,'fr_gn','French (Guinea)','franais (Guine)'),(185,'fr_gp','French (Guadeloupe)','franais (Guadeloupe)'),(186,'fr_gq','French (Equatorial Guinea)','franais (Guine quatoriale)'),(187,'fr_km','French (Comoros)','franais (Comores)'),(188,'fr_lu','French (Luxembourg)','franais (Luxembourg)'),(189,'fr_mc','French (Monaco)','franais (Monaco)'),(190,'fr_mf','French (Saint Martin)','franais (Saint-Martin)'),(191,'fr_mg','French (Madagascar)','franais (Madagascar)'),(192,'fr_ml','French (Mali)','franais (Mali)'),(193,'fr_mq','French (Martinique)','franais (Martinique)'),(194,'fr_ne','French (Niger)','franais (Niger)'),(195,'fr_re','French (Runion)','franais (Runion)'),(196,'fr_rw','French (Rwanda)','franais (Rwanda)'),(197,'fr_sn','French (Senegal)','franais (Sngal)'),(198,'fr_td','French (Chad)','franais (Tchad)'),(199,'fr_tg','French (Togo)','franais (Togo)'),(200,'fur','Friulian','Friulian'),(201,'fur_it','Friulian (Italy)','Friulian (Italy)'),(202,'ga','Irish','Gaeilge'),(203,'ga_ie','Irish (Ireland)','Gaeilge (ire)'),(204,'gaa','Ga','Ga'),(205,'gaa_gh','Ga (Ghana)','Ga (Ghana)'),(206,'gez','Geez','Geez'),(207,'gez_er','Geez (Eritrea)','Geez (Eritrea)'),(208,'gez_et','Geez (Ethiopia)','Geez (Ethiopia)'),(209,'gl','Galician','galego'),(210,'gl_es','Galician (Spain)','galego (Espaa)'),(211,'gsw','Swiss German','Schwiizerttsch'),(212,'gsw_ch','Swiss German (Switzerland)','Schwiizerttsch (Schwiiz)'),(213,'gu','Gujarati',''),(214,'gu_in','Gujarati (India)',' ()'),(215,'guz','Gusii','Ekegusii'),(216,'guz_ke','Gusii (Kenya)','Ekegusii (Kenya)'),(217,'gv','Manx','Gaelg'),(218,'gv_gb','Manx (United Kingdom)','Gaelg (Rywvaneth Unys)'),(219,'ha','Hausa','Hausa'),(220,'ha_arab','Hausa ((Arabic))','Hausa ((Arabic))'),(221,'ha_arab_ng','Hausa (Nigeria (Arabic))','Hausa (Nigeria (Arabic))'),(222,'ha_arab_sd','Hausa (Sudan (Arabic))','Hausa (Sudan (Arabic))'),(223,'ha_gh','Hausa (Ghana)','Hausa (Ghana)'),(224,'ha_latn','Hausa (Latin)','Hausa (Latn)'),(225,'ha_latn_gh','Hausa (Latin, Ghana)','Hausa (Latn, Gana)'),(226,'ha_latn_ne','Hausa (Latin, Niger)','Hausa (Latn, Nijar)'),(227,'ha_latn_ng','Hausa (Latin, Nigeria)','Hausa (Latn, Najeriya)'),(228,'ha_ne','Hausa (Niger)','Hausa (Niger)'),(229,'ha_ng','Hausa (Nigeria)','Hausa (Nigeria)'),(230,'ha_sd','Hausa (Sudan)','Hausa (Sudan)'),(231,'haw','Hawaiian','lelo Hawaii'),(232,'haw_us','Hawaiian (United States)','lelo Hawaii (Amelika Hui P Ia)'),(233,'he','Hebrew',''),(234,'he_il','Hebrew (Israel)',' ()'),(235,'hi','Hindi',''),(236,'hi_in','Hindi (India)',' ()'),(237,'hr','Croatian','hrvatski'),(238,'hr_hr','Croatian (Croatia)','hrvatski (Hrvatska)'),(239,'hu','Hungarian','magyar'),(240,'hu_hu','Hungarian (Hungary)','magyar (Magyarorszg)'),(241,'hy','Armenian',''),(242,'hy_am','Armenian (Armenia)',' ( )'),(243,'ia','Interlingua','Interlingua'),(244,'id','Indonesian','Bahasa Indonesia'),(245,'id_id','Indonesian (Indonesia)','Bahasa Indonesia (Indonesia)'),(246,'ig','Igbo','Igbo'),(247,'ig_ng','Igbo (Nigeria)','Igbo (Nigeria)'),(248,'ii','Sichuan Yi',''),(249,'ii_cn','Sichuan Yi (China)',' ()'),(250,'is','Icelandic','slenska'),(251,'is_is','Icelandic (Iceland)','slenska (sland)'),(252,'it','Italian','italiano'),(253,'it_ch','Italian (Switzerland)','italiano (Svizzera)'),(254,'it_it','Italian (Italy)','italiano (Italia)'),(255,'iu','Inuktitut','Inuktitut'),(256,'ja','Japanese',''),(257,'ja_jp','Japanese (Japan)','()'),(258,'jmc','Machame','Kimachame'),(259,'jmc_tz','Machame (Tanzania)','Kimachame (Tanzania)'),(260,'ka','Georgian',''),(261,'ka_ge','Georgian (Georgia)',' ()'),(262,'kab','Kabyle','Taqbaylit'),(263,'kab_dz','Kabyle (Algeria)','Taqbaylit (Lezzayer)'),(264,'kaj','Jju','Jju'),(265,'kaj_ng','Jju (Nigeria)','Jju (Nigeria)'),(266,'kam','Kamba','Kikamba'),(267,'kam_ke','Kamba (Kenya)','Kikamba (Kenya)'),(268,'kcg','Tyap','Tyap'),(269,'kcg_ng','Tyap (Nigeria)','Tyap (Nigeria)'),(270,'kde','Makonde','Chimakonde'),(271,'kde_tz','Makonde (Tanzania)','Chimakonde (Tanzania)'),(272,'kea','Kabuverdianu','kabuverdianu'),(273,'kea_cv','Kabuverdianu (Cape Verde)','kabuverdianu (Kabu Verdi)'),(274,'kfo','Koro','Koro'),(275,'kfo_ci','Koro (Cte dIvoire)','Koro (Cte dIvoire)'),(276,'khq','Koyra Chiini','Koyra ciini'),(277,'khq_ml','Koyra Chiini (Mali)','Koyra ciini (Maali)'),(278,'ki','Kikuyu','Gikuyu'),(279,'ki_ke','Kikuyu (Kenya)','Gikuyu (Kenya)'),(280,'kk','Kazakh',''),(281,'kk_cyrl','Kazakh (Cyrillic)',' (Cyrl)'),(282,'kk_cyrl_kz','Kazakh (Cyrillic, Kazakhstan)',' (Cyrl, )'),(283,'kk_kz','Kazakh (Kazakhstan)','Kazakh (Kazakhstan)'),(284,'kl','Kalaallisut','kalaallisut'),(285,'kl_gl','Kalaallisut (Greenland)','kalaallisut (Kalaallit Nunaat)'),(286,'kln','Kalenjin','Kalenjin'),(287,'kln_ke','Kalenjin (Kenya)','Kalenjin (Emetab Kenya)'),(288,'km','Khmer',''),(289,'km_kh','Khmer (Cambodia)',' ()'),(290,'kn','Kannada',''),(291,'kn_in','Kannada (India)',' ()'),(292,'ko','Korean',''),(293,'ko_kr','Korean (South Korea)','()'),(294,'kok','Konkani',''),(295,'kok_in','Konkani (India)',' ()'),(296,'kpe','Kpelle','Kpelle'),(297,'kpe_gn','Kpelle (Guinea)','Kpelle (Guinea)'),(298,'kpe_lr','Kpelle (Liberia)','Kpelle (Liberia)'),(299,'ku','Kurdish','Kurdish'),(300,'ku_arab','Kurdish ((Arabic))','Kurdish ((Arabic))'),(301,'ku_arab_iq','Kurdish (Iraq (Arabic))','Kurdish (Iraq (Arabic))'),(302,'ku_arab_ir','Kurdish (Iran (Arabic))','Kurdish (Iran (Arabic))'),(303,'ku_iq','Kurdish (Iraq)','Kurdish (Iraq)'),(304,'ku_ir','Kurdish (Iran)','Kurdish (Iran)'),(305,'ku_latn','Kurdish ((Latin))','Kurdish ((Latin))'),(306,'ku_latn_tr','Kurdish (Turkey (Latin))','Kurdish (Turkey (Latin))'),(307,'ku_sy','Kurdish (Syria)','Kurdish (Syria)'),(308,'ku_tr','Kurdish (Turkey)','Kurdish (Turkey)'),(309,'kw','Cornish','kernewek'),(310,'kw_gb','Cornish (United Kingdom)','kernewek (Rywvaneth Unys)'),(311,'ky','Kirghiz','Kirghiz'),(312,'ky_kg','Kirghiz (Kyrgyzstan)','Kirghiz (Kyrgyzstan)'),(313,'lag','Langi','Klaangi'),(314,'lag_tz','Langi (Tanzania)','Klaangi (Taansana)'),(315,'lg','Ganda','Luganda'),(316,'lg_ug','Ganda (Uganda)','Luganda (Yuganda)'),(317,'ln','Lingala','Lingala'),(318,'ln_cd','Lingala (Congo - Kinshasa)','Lingala (Congo - Kinshasa)'),(319,'ln_cg','Lingala (Congo - Brazzaville)','Lingala (Congo - Brazzaville)'),(320,'lo','Lao','Lao'),(321,'lo_la','Lao (Laos)','Lao (Laos)'),(322,'lt','Lithuanian','lietuvi'),(323,'lt_lt','Lithuanian (Lithuania)','lietuvi (Lietuva)'),(324,'luo','Luo','Dholuo'),(325,'luo_ke','Luo (Kenya)','Dholuo (Kenya)'),(326,'luy','Luyia','Luluhia'),(327,'luy_ke','Luyia (Kenya)','Luluhia (Kenya)'),(328,'lv','Latvian','latvieu'),(329,'lv_lv','Latvian (Latvia)','latvieu (Latvija)'),(330,'mas','Masai','Maa'),(331,'mas_ke','Masai (Kenya)','Maa (Kenya)'),(332,'mas_tz','Masai (Tanzania)','Maa (Tansania)'),(333,'mer','Meru','Kmr'),(334,'mer_ke','Meru (Kenya)','Kmr (Kenya)'),(335,'mfe','Morisyen','kreol morisien'),(336,'mfe_mu','Morisyen (Mauritius)','kreol morisien (Moris)'),(337,'mg','Malagasy','Malagasy'),(338,'mg_mg','Malagasy (Madagascar)','Malagasy (Madagasikara)'),(339,'mk','Macedonian',''),(340,'mk_mk','Macedonian (Macedonia)',' ()'),(341,'ml','Malayalam',''),(342,'ml_in','Malayalam (India)',' ()'),(343,'mn','Mongolian','Mongolian'),(344,'mn_cn','Mongolian (China)','Mongolian (China)'),(345,'mn_cyrl','Mongolian ((Cyrillic))','Mongolian ((Cyrillic))'),(346,'mn_cyrl_mn','Mongolian (Mongolia (Cyrillic))','Mongolian (Mongolia (Cyrillic))'),(347,'mn_mn','Mongolian (Mongolia)','Mongolian (Mongolia)'),(348,'mn_mong','Mongolian ((Mongolian))','Mongolian ((Mongolian))'),(349,'mn_mong_cn','Mongolian (China (Mongolian))','Mongolian (China (Mongolian))'),(350,'mo','Moldavian','Moldavian'),(351,'mr','Marathi',''),(352,'mr_in','Marathi (India)',' ()'),(353,'ms','Malay','Bahasa Melayu'),(354,'ms_bn','Malay (Brunei)','Bahasa Melayu (Brunei)'),(355,'ms_my','Malay (Malaysia)','Bahasa Melayu (Malaysia)'),(356,'mt','Maltese','Malti'),(357,'mt_mt','Maltese (Malta)','Malti (Malta)'),(358,'my','Burmese',''),(359,'my_mm','Burmese (Myanmar [Burma])',' ()'),(360,'naq','Nama','Khoekhoegowab'),(361,'naq_na','Nama (Namibia)','Khoekhoegowab (Namibiab)'),(362,'nb','Norwegian Bokml','norsk bokml'),(363,'nb_no','Norwegian Bokml (Norway)','norsk bokml (Norge)'),(364,'nd','North Ndebele','isiNdebele'),(365,'nd_zw','North Ndebele (Zimbabwe)','isiNdebele (Zimbabwe)'),(366,'nds','Low German','Low German'),(367,'nds_de','Low German (Germany)','Low German (Germany)'),(368,'ne','Nepali',''),(369,'ne_in','Nepali (India)',' ()'),(370,'ne_np','Nepali (Nepal)',' ()'),(371,'nl','Dutch','Nederlands'),(372,'nl_be','Dutch (Belgium)','Nederlands (Belgi)'),(373,'nl_nl','Dutch (Netherlands)','Nederlands (Nederland)'),(374,'nn','Norwegian Nynorsk','nynorsk'),(375,'nn_no','Norwegian Nynorsk (Norway)','nynorsk (Noreg)'),(376,'no','Norwegian','Norwegian'),(377,'nr','South Ndebele','South Ndebele'),(378,'nr_za','South Ndebele (South Africa)','South Ndebele (South Africa)'),(379,'nso','Northern Sotho','Northern Sotho'),(380,'nso_za','Northern Sotho (South Africa)','Northern Sotho (South Africa)'),(381,'ny','Nyanja','Nyanja'),(382,'ny_mw','Nyanja (Malawi)','Nyanja (Malawi)'),(383,'nyn','Nyankole','Runyankore'),(384,'nyn_ug','Nyankole (Uganda)','Runyankore (Uganda)'),(385,'oc','Occitan','Occitan'),(386,'oc_fr','Occitan (France)','Occitan (France)'),(387,'om','Oromo','Oromoo'),(388,'om_et','Oromo (Ethiopia)','Oromoo (Itoophiyaa)'),(389,'om_ke','Oromo (Kenya)','Oromoo (Keeniyaa)'),(390,'or','Oriya',''),(391,'or_in','Oriya (India)',' ()'),(392,'pa','Punjabi',''),(393,'pa_arab','Punjabi (Arabic)',' ()'),(394,'pa_arab_pk','Punjabi (Arabic, Pakistan)',' (, )'),(395,'pa_guru','Punjabi (Gurmukhi)',' (Guru)'),(396,'pa_guru_in','Punjabi (Gurmukhi, India)',' (Guru, )'),(397,'pa_in','Punjabi (India)','Punjabi (India)'),(398,'pa_pk','Punjabi (Pakistan)','Punjabi (Pakistan)'),(399,'pl','Polish','polski'),(400,'pl_pl','Polish (Poland)','polski (Polska)'),(401,'ps','Pashto',''),(402,'ps_af','Pashto (Afghanistan)',' ()'),(403,'pt','Portuguese','portugus'),(404,'pt_br','Portuguese (Brazil)','portugus (Brasil)'),(405,'pt_gw','Portuguese (Guinea-Bissau)','portugus (Guin Bissau)'),(406,'pt_mz','Portuguese (Mozambique)','portugus (Moambique)'),(407,'pt_pt','Portuguese (Portugal)','portugus (Portugal)'),(408,'rm','Romansh','rumantsch'),(409,'rm_ch','Romansh (Switzerland)','rumantsch (Svizra)'),(410,'ro','Romanian','romn'),(411,'ro_md','Romanian (Moldova)','romn (Republica Moldova)'),(412,'ro_ro','Romanian (Romania)','romn (Romnia)'),(413,'rof','Rombo','Kihorombo'),(414,'rof_tz','Rombo (Tanzania)','Kihorombo (Tanzania)'),(415,'root','Root','Root'),(416,'ru','Russian',''),(417,'ru_md','Russian (Moldova)',' ()'),(418,'ru_ru','Russian (Russia)',' ()'),(419,'ru_ua','Russian (Ukraine)',' ()'),(420,'rw','Kinyarwanda','Kinyarwanda'),(421,'rw_rw','Kinyarwanda (Rwanda)','Kinyarwanda (Rwanda)'),(422,'rwk','Rwa','Kiruwa'),(423,'rwk_tz','Rwa (Tanzania)','Kiruwa (Tanzania)'),(424,'sa','Sanskrit','Sanskrit'),(425,'sa_in','Sanskrit (India)','Sanskrit (India)'),(426,'saq','Samburu','Kisampur'),(427,'saq_ke','Samburu (Kenya)','Kisampur (Kenya)'),(428,'se','Northern Sami','Northern Sami'),(429,'se_fi','Northern Sami (Finland)','Northern Sami (Finland)'),(430,'se_no','Northern Sami (Norway)','Northern Sami (Norway)'),(431,'seh','Sena','sena'),(432,'seh_mz','Sena (Mozambique)','sena (Moambique)'),(433,'ses','Koyraboro Senni','Koyraboro senni'),(434,'ses_ml','Koyraboro Senni (Mali)','Koyraboro senni (Maali)'),(435,'sg','Sango','Sng'),(436,'sg_cf','Sango (Central African Republic)','Sng (Kdrsse t Bafrka)'),(437,'sh','Serbo-Croatian','Serbo-Croatian'),(438,'sh_ba','Serbo-Croatian (Bosnia and Herzegovina)','Serbo-Croatian (Bosnia and Herzegovina)'),(439,'sh_cs','Serbo-Croatian (Serbia and Montenegro)','Serbo-Croatian (Serbia and Montenegro)'),(440,'sh_yu','Serbo-Croatian','Serbo-Croatian'),(441,'shi','Tachelhit','tamazight'),(442,'shi_latn','Tachelhit (Latin)','tamazight (Latn)'),(443,'shi_latn_ma','Tachelhit (Latin, Morocco)','tamazight (Latn, lmrib)'),(444,'shi_tfng','Tachelhit (Tifinagh)',' (Tfng)'),(445,'shi_tfng_ma','Tachelhit (Tifinagh, Morocco)',' (Tfng, )'),(446,'si','Sinhala',''),(447,'si_lk','Sinhala (Sri Lanka)',' ( )'),(448,'sid','Sidamo','Sidamo'),(449,'sid_et','Sidamo (Ethiopia)','Sidamo (Ethiopia)'),(450,'sk','Slovak','slovenina'),(451,'sk_sk','Slovak (Slovakia)','slovenina (Slovensk republika)'),(452,'sl','Slovenian','slovenina'),(453,'sl_si','Slovenian (Slovenia)','slovenina (Slovenija)'),(454,'sn','Shona','chiShona'),(455,'sn_zw','Shona (Zimbabwe)','chiShona (Zimbabwe)'),(456,'so','Somali','Soomaali'),(457,'so_dj','Somali (Djibouti)','Soomaali (Jabuuti)'),(458,'so_et','Somali (Ethiopia)','Soomaali (Itoobiya)'),(459,'so_ke','Somali (Kenya)','Soomaali (Kiiniya)'),(460,'so_so','Somali (Somalia)','Soomaali (Soomaaliya)'),(461,'sq','Albanian','shqipe'),(462,'sq_al','Albanian (Albania)','shqipe (Shqipria)'),(463,'sr','Serbian',''),(464,'sr_ba','Serbian (Bosnia and Herzegovina)','Serbian (Bosnia and Herzegovina)'),(465,'sr_cs','Serbian (Serbia and Montenegro)','Serbian (Serbia and Montenegro)'),(466,'sr_cyrl','Serbian (Cyrillic)',' ()'),(467,'sr_cyrl_ba','Serbian (Cyrillic, Bosnia and Herzegovina)',' (,   )'),(468,'sr_cyrl_cs','Serbian (Serbia and Montenegro (Cyrillic))','Serbian (Serbia and Montenegro (Cyrillic))'),(469,'sr_cyrl_me','Serbian (Cyrillic, Montenegro)',' (,  )'),(470,'sr_cyrl_rs','Serbian (Cyrillic, Serbia)',' (, )'),(471,'sr_cyrl_yu','Serbian ((Cyrillic))','Serbian ((Cyrillic))'),(472,'sr_latn','Serbian (Latin)','Srpski (Latinica)'),(473,'sr_latn_ba','Serbian (Latin, Bosnia and Herzegovina)','Srpski (Latinica, Bosna i Hercegovina)'),(474,'sr_latn_cs','Serbian (Serbia and Montenegro (Latin))','Serbian (Serbia and Montenegro (Latin))'),(475,'sr_latn_me','Serbian (Latin, Montenegro)','Srpski (Latinica, Crna Gora)'),(476,'sr_latn_rs','Serbian (Latin, Serbia)','Srpski (Latinica, Srbija)'),(477,'sr_latn_yu','Serbian ((Latin))','Serbian ((Latin))'),(478,'sr_me','Serbian (Montenegro)','Serbian (Montenegro)'),(479,'sr_rs','Serbian (Serbia)','Serbian (Serbia)'),(480,'sr_yu','Serbian','Serbian'),(481,'ss','Swati','Swati'),(482,'ss_sz','Swati (Swaziland)','Swati (Swaziland)'),(483,'ss_za','Swati (South Africa)','Swati (South Africa)'),(484,'st','Southern Sotho','Southern Sotho'),(485,'st_ls','Southern Sotho (Lesotho)','Southern Sotho (Lesotho)'),(486,'st_za','Southern Sotho (South Africa)','Southern Sotho (South Africa)'),(487,'sv','Swedish','svenska'),(488,'sv_fi','Swedish (Finland)','svenska (Finland)'),(489,'sv_se','Swedish (Sweden)','svenska (Sverige)'),(490,'sw','Swahili','Kiswahili'),(491,'sw_ke','Swahili (Kenya)','Kiswahili (Kenya)'),(492,'sw_tz','Swahili (Tanzania)','Kiswahili (Tanzania)'),(493,'syr','Syriac','Syriac'),(494,'syr_sy','Syriac (Syria)','Syriac (Syria)'),(495,'ta','Tamil',''),(496,'ta_in','Tamil (India)',' ()'),(497,'ta_lk','Tamil (Sri Lanka)',' ()'),(498,'te','Telugu',''),(499,'te_in','Telugu (India)',' ( )'),(500,'teo','Teso','Kiteso'),(501,'teo_ke','Teso (Kenya)','Kiteso (Kenia)'),(502,'teo_ug','Teso (Uganda)','Kiteso (Uganda)'),(503,'tg','Tajik','Tajik'),(504,'tg_cyrl','Tajik ((Cyrillic))','Tajik ((Cyrillic))'),(505,'tg_cyrl_tj','Tajik (Tajikistan (Cyrillic))','Tajik (Tajikistan (Cyrillic))'),(506,'tg_tj','Tajik (Tajikistan)','Tajik (Tajikistan)'),(507,'th','Thai',''),(508,'th_th','Thai (Thailand)',' ()'),(509,'ti','Tigrinya',''),(510,'ti_er','Tigrinya (Eritrea)',' (ER)'),(511,'ti_et','Tigrinya (Ethiopia)',' (ET)'),(512,'tig','Tigre','Tigre'),(513,'tig_er','Tigre (Eritrea)','Tigre (Eritrea)'),(514,'tl','Tagalog','Tagalog'),(515,'tn','Tswana','Tswana'),(516,'tn_za','Tswana (South Africa)','Tswana (South Africa)'),(517,'to','Tonga','lea fakatonga'),(518,'to_to','Tonga (Tonga)','lea fakatonga (Tonga)'),(519,'tr','Turkish','Trke'),(520,'tr_tr','Turkish (Turkey)','Trke (Trkiye)'),(521,'trv','Taroko','Taroko'),(522,'trv_tw','Taroko (Taiwan)','Taroko (Taiwan)'),(523,'ts','Tsonga','Tsonga'),(524,'ts_za','Tsonga (South Africa)','Tsonga (South Africa)'),(525,'tt','Tatar','Tatar'),(526,'tt_ru','Tatar (Russia)','Tatar (Russia)'),(527,'tzm','Central Morocco Tamazight','Tamazit'),(528,'tzm_latn','Central Morocco Tamazight (Latin)','Tamazit (Latn)'),(529,'tzm_latn_ma','Central Morocco Tamazight (Latin, Morocco)','Tamazit (Latn, Meuk)'),(530,'ug','Uighur','Uighur'),(531,'ug_arab','Uighur ((Arabic))','Uighur ((Arabic))'),(532,'ug_arab_cn','Uighur (China (Arabic))','Uighur (China (Arabic))'),(533,'ug_cn','Uighur (China)','Uighur (China)'),(534,'uk','Ukrainian',''),(535,'uk_ua','Ukrainian (Ukraine)',' ()'),(536,'ur','Urdu',''),(537,'ur_in','Urdu (India)',' ()'),(538,'ur_pk','Urdu (Pakistan)',' ()'),(539,'uz','Uzbek',''),(540,'uz_af','Uzbek (Afghanistan)','Uzbek (Afghanistan)'),(541,'uz_arab','Uzbek (Arabic)',' (Arab)'),(542,'uz_arab_af','Uzbek (Arabic, Afghanistan)',' (Arab, )'),(543,'uz_cyrl','Uzbek (Cyrillic)',' (Cyrl)'),(544,'uz_cyrl_uz','Uzbek (Cyrillic, Uzbekistan)',' (Cyrl, )'),(545,'uz_latn','Uzbek (Latin)','o\'zbekcha (Lotin)'),(546,'uz_latn_uz','Uzbek (Latin, Uzbekistan)','o\'zbekcha (Lotin, Ozbekiston)'),(547,'uz_uz','Uzbek (Uzbekistan)','Uzbek (Uzbekistan)'),(548,'ve','Venda','Venda'),(549,'ve_za','Venda (South Africa)','Venda (South Africa)'),(550,'vi','Vietnamese','Ting Vit'),(551,'vi_vn','Vietnamese (Vietnam)','Ting Vit (Vit Nam)'),(552,'vun','Vunjo','Kyivunjo'),(553,'vun_tz','Vunjo (Tanzania)','Kyivunjo (Tanzania)'),(554,'wal','Walamo','Walamo'),(555,'wal_et','Walamo (Ethiopia)','Walamo (Ethiopia)'),(556,'wo','Wolof','Wolof'),(557,'wo_latn','Wolof ((Latin))','Wolof ((Latin))'),(558,'wo_latn_sn','Wolof (Senegal (Latin))','Wolof (Senegal (Latin))'),(559,'wo_sn','Wolof (Senegal)','Wolof (Senegal)'),(560,'xh','Xhosa','Xhosa'),(561,'xh_za','Xhosa (South Africa)','Xhosa (South Africa)'),(562,'xog','Soga','Olusoga'),(563,'xog_ug','Soga (Uganda)','Olusoga (Yuganda)'),(564,'yo','Yoruba','d Yorb'),(565,'yo_ng','Yoruba (Nigeria)','d Yorb (Orlde Njr)'),(566,'zh','Chinese',''),(567,'zh_cn','Chinese (China)','Chinese (China)'),(568,'zh_hans','Chinese (Simplified Han)',''),(569,'zh_hans_cn','Chinese (Simplified Han, China)',''),(570,'zh_hans_hk','Chinese (Simplified Han, Hong Kong SAR China)',''),(571,'zh_hans_mo','Chinese (Simplified Han, Macau SAR China)',''),(572,'zh_hans_sg','Chinese (Simplified Han, Singapore)',''),(573,'zh_hant','Chinese (Traditional Han)',' ()'),(574,'zh_hant_hk','Chinese (Traditional Han, Hong Kong SAR China)',' ()'),(575,'zh_hant_mo','Chinese (Traditional Han, Macau SAR China)',' ()'),(576,'zh_hant_tw','Chinese (Traditional Han, Taiwan)',' ()'),(577,'zh_hk','Chinese (Hong Kong SAR China)','Chinese (Hong Kong SAR China)'),(578,'zh_mo','Chinese (Macau SAR China)','Chinese (Macau SAR China)'),(579,'zh_sg','Chinese (Singapore)','Chinese (Singapore)'),(580,'zh_tw','Chinese (Taiwan)','Chinese (Taiwan)'),(581,'zu','Zulu','isiZulu'),(582,'zu_za','Zulu (South Africa)','isiZulu (iNingizimu Afrika)');

/*Table structure for table `koo_message` */

DROP TABLE IF EXISTS `koo_message`;

CREATE TABLE `koo_message` (
  `id` int(11) NOT NULL AUTO_INCREMENT,
  `conversation_id` int(11) NOT NULL,
  `user1` int(11) NOT NULL,
  `user2` int(11) NOT NULL,
  `message` text NOT NULL,
  `timestamp` int(11) NOT NULL,
  `user1read` enum('Y','N') NOT NULL DEFAULT 'N',
  `user2read` enum('Y','N') NOT NULL DEFAULT 'N',
  `gig_id` int(11) DEFAULT NULL,
  `created_at` timestamp NOT NULL DEFAULT CURRENT_TIMESTAMP ON UPDATE CURRENT_TIMESTAMP,
  `modified_at` timestamp NOT NULL DEFAULT '0000-00-00 00:00:00',
  PRIMARY KEY (`id`),
  KEY `FK_koo_message_sender` (`user1`),
  KEY `FK_koo_message_receiver` (`user2`),
  CONSTRAINT `FK_koo_message_receiver` FOREIGN KEY (`user2`) REFERENCES `koo_user` (`user_id`) ON DELETE CASCADE ON UPDATE CASCADE,
  CONSTRAINT `FK_koo_message_sender` FOREIGN KEY (`user1`) REFERENCES `koo_user` (`user_id`) ON DELETE CASCADE ON UPDATE CASCADE
) ENGINE=InnoDB DEFAULT CHARSET=latin1;

/*Data for the table `koo_message` */

/*Table structure for table `koo_timezone` */

DROP TABLE IF EXISTS `koo_timezone`;

CREATE TABLE `koo_timezone` (
  `id` int(11) NOT NULL AUTO_INCREMENT,
  `name` varchar(255) COLLATE utf8_unicode_ci NOT NULL,
  PRIMARY KEY (`id`)
) ENGINE=InnoDB AUTO_INCREMENT=462 DEFAULT CHARSET=utf8 COLLATE=utf8_unicode_ci;

/*Data for the table `koo_timezone` */

insert  into `koo_timezone`(`id`,`name`) values (2,'Africa/Abidjan'),(3,'Africa/Accra'),(4,'Africa/Addis_Ababa'),(5,'Africa/Algiers'),(6,'Africa/Asmara'),(7,'Africa/Asmera'),(8,'Africa/Bamako'),(9,'Africa/Bangui'),(10,'Africa/Banjul'),(11,'Africa/Bissau'),(12,'Africa/Blantyre'),(13,'Africa/Brazzaville'),(14,'Africa/Bujumbura'),(15,'Africa/Cairo'),(16,'Africa/Casablanca'),(17,'Africa/Ceuta'),(18,'Africa/Conakry'),(19,'Africa/Dakar'),(20,'Africa/Dar_es_Salaam'),(21,'Africa/Djibouti'),(22,'Africa/Douala'),(23,'Africa/El_Aaiun'),(24,'Africa/Freetown'),(25,'Africa/Gaborone'),(26,'Africa/Harare'),(27,'Africa/Johannesburg'),(28,'Africa/Kampala'),(29,'Africa/Khartoum'),(30,'Africa/Kigali'),(31,'Africa/Kinshasa'),(32,'Africa/Lagos'),(33,'Africa/Libreville'),(34,'Africa/Lome'),(35,'Africa/Luanda'),(36,'Africa/Lubumbashi'),(37,'Africa/Lusaka'),(38,'Africa/Malabo'),(39,'Africa/Maputo'),(40,'Africa/Maseru'),(41,'Africa/Mbabane'),(42,'Africa/Mogadishu'),(43,'Africa/Monrovia'),(44,'Africa/Nairobi'),(45,'Africa/Ndjamena'),(46,'Africa/Niamey'),(47,'Africa/Nouakchott'),(48,'Africa/Ouagadougou'),(49,'Africa/Porto-Novo'),(50,'Africa/Sao_Tome'),(51,'Africa/Timbuktu'),(52,'Africa/Tripoli'),(53,'Africa/Tunis'),(54,'Africa/Windhoek'),(55,'America/Adak'),(56,'America/Anchorage'),(57,'America/Anguilla'),(58,'America/Antigua'),(59,'America/Araguaina'),(60,'America/Argentina/Buenos_Aires'),(61,'America/Argentina/Catamarca'),(62,'America/Argentina/ComodRivadavia'),(63,'America/Argentina/Cordoba'),(64,'America/Argentina/Jujuy'),(65,'America/Argentina/La_Rioja'),(66,'America/Argentina/Mendoza'),(67,'America/Argentina/Rio_Gallegos'),(68,'America/Argentina/Salta'),(69,'America/Argentina/San_Juan'),(70,'America/Argentina/San_Luis'),(71,'America/Argentina/Tucuman'),(72,'America/Argentina/Ushuaia'),(73,'America/Aruba'),(74,'America/Asuncion'),(75,'America/Atikokan'),(76,'America/Atka'),(77,'America/Bahia'),(78,'America/Bahia_Banderas'),(79,'America/Barbados'),(80,'America/Belem'),(81,'America/Belize'),(82,'America/Blanc-Sablon'),(83,'America/Boa_Vista'),(84,'America/Bogota'),(85,'America/Boise'),(86,'America/Buenos_Aires'),(87,'America/Cambridge_Bay'),(88,'America/Campo_Grande'),(89,'America/Cancun'),(90,'America/Caracas'),(91,'America/Catamarca'),(92,'America/Cayenne'),(93,'America/Cayman'),(94,'America/Chicago'),(95,'America/Chihuahua'),(96,'America/Coral_Harbour'),(97,'America/Cordoba'),(98,'America/Costa_Rica'),(99,'America/Cuiaba'),(100,'America/Curacao'),(101,'America/Danmarkshavn'),(102,'America/Dawson'),(103,'America/Dawson_Creek'),(104,'America/Denver'),(105,'America/Detroit'),(106,'America/Dominica'),(107,'America/Edmonton'),(108,'America/Eirunepe'),(109,'America/El_Salvador'),(110,'America/Ensenada'),(111,'America/Fortaleza'),(112,'America/Fort_Wayne'),(113,'America/Glace_Bay'),(114,'America/Godthab'),(115,'America/Goose_Bay'),(116,'America/Grand_Turk'),(117,'America/Grenada'),(118,'America/Guadeloupe'),(119,'America/Guatemala'),(120,'America/Guayaquil'),(121,'America/Guyana'),(122,'America/Halifax'),(123,'America/Havana'),(124,'America/Hermosillo'),(125,'America/Indiana/Indianapolis'),(126,'America/Indiana/Knox'),(127,'America/Indiana/Marengo'),(128,'America/Indiana/Petersburg'),(129,'America/Indianapolis'),(130,'America/Indiana/Tell_City'),(131,'America/Indiana/Vevay'),(132,'America/Indiana/Vincennes'),(133,'America/Indiana/Winamac'),(134,'America/Inuvik'),(135,'America/Iqaluit'),(136,'America/Jamaica'),(137,'America/Jujuy'),(138,'America/Juneau'),(139,'America/Kentucky/Louisville'),(140,'America/Kentucky/Monticello'),(141,'America/Knox_IN'),(142,'America/La_Paz'),(143,'America/Lima'),(144,'America/Los_Angeles'),(145,'America/Louisville'),(146,'America/Maceio'),(147,'America/Managua'),(148,'America/Manaus'),(149,'America/Marigot'),(150,'America/Martinique'),(151,'America/Matamoros'),(152,'America/Mazatlan'),(153,'America/Mendoza'),(154,'America/Menominee'),(155,'America/Merida'),(156,'America/Metlakatla'),(157,'America/Mexico_City'),(158,'America/Miquelon'),(159,'America/Moncton'),(160,'America/Monterrey'),(161,'America/Montevideo'),(162,'America/Montreal'),(163,'America/Montserrat'),(164,'America/Nassau'),(165,'America/New_York'),(166,'America/Nipigon'),(167,'America/Nome'),(168,'America/Noronha'),(169,'America/North_Dakota/Beulah'),(170,'America/North_Dakota/Center'),(171,'America/North_Dakota/New_Salem'),(172,'America/Ojinaga'),(173,'America/Panama'),(174,'America/Pangnirtung'),(175,'America/Paramaribo'),(176,'America/Phoenix'),(177,'America/Port-au-Prince'),(178,'America/Porto_Acre'),(179,'America/Port_of_Spain'),(180,'America/Porto_Velho'),(181,'America/Puerto_Rico'),(182,'America/Rainy_River'),(183,'America/Rankin_Inlet'),(184,'America/Recife'),(185,'America/Regina'),(186,'America/Resolute'),(187,'America/Rio_Branco'),(188,'America/Rosario'),(189,'America/Santa_Isabel'),(190,'America/Santarem'),(191,'America/Santiago'),(192,'America/Santo_Domingo'),(193,'America/Sao_Paulo'),(194,'America/Scoresbysund'),(195,'America/Shiprock'),(196,'America/Sitka'),(197,'America/St_Barthelemy'),(198,'America/St_Johns'),(199,'America/St_Kitts'),(200,'America/St_Lucia'),(201,'America/St_Thomas'),(202,'America/St_Vincent'),(203,'America/Swift_Current'),(204,'America/Tegucigalpa'),(205,'America/Thule'),(206,'America/Thunder_Bay'),(207,'America/Tijuana'),(208,'America/Toronto'),(209,'America/Tortola'),(210,'America/Vancouver'),(211,'America/Virgin'),(212,'America/Whitehorse'),(213,'America/Winnipeg'),(214,'America/Yakutat'),(215,'America/Yellowknife'),(216,'Antarctica/Casey'),(217,'Antarctica/Davis'),(218,'Antarctica/DumontDUrville'),(219,'Antarctica/Macquarie'),(220,'Antarctica/Mawson'),(221,'Antarctica/McMurdo'),(222,'Antarctica/Palmer'),(223,'Antarctica/Rothera'),(224,'Antarctica/South_Pole'),(225,'Antarctica/Syowa'),(226,'Antarctica/Vostok'),(227,'Arctic/Longyearbyen'),(228,'Asia/Aden'),(229,'Asia/Almaty'),(230,'Asia/Amman'),(231,'Asia/Anadyr'),(232,'Asia/Aqtau'),(233,'Asia/Aqtobe'),(234,'Asia/Ashgabat'),(235,'Asia/Ashkhabad'),(236,'Asia/Baghdad'),(237,'Asia/Bahrain'),(238,'Asia/Baku'),(239,'Asia/Bangkok'),(240,'Asia/Beirut'),(241,'Asia/Bishkek'),(242,'Asia/Brunei'),(243,'Asia/Calcutta'),(244,'Asia/Choibalsan'),(245,'Asia/Chongqing'),(246,'Asia/Chungking'),(247,'Asia/Colombo'),(248,'Asia/Dacca'),(249,'Asia/Damascus'),(250,'Asia/Dhaka'),(251,'Asia/Dili'),(252,'Asia/Dubai'),(253,'Asia/Dushanbe'),(254,'Asia/Gaza'),(255,'Asia/Harbin'),(256,'Asia/Ho_Chi_Minh'),(257,'Asia/Hong_Kong'),(258,'Asia/Hovd'),(259,'Asia/Irkutsk'),(260,'Asia/Istanbul'),(261,'Asia/Jakarta'),(262,'Asia/Jayapura'),(263,'Asia/Jerusalem'),(264,'Asia/Kabul'),(265,'Asia/Kamchatka'),(266,'Asia/Karachi'),(267,'Asia/Kashgar'),(268,'Asia/Kathmandu'),(269,'Asia/Katmandu'),(270,'Asia/Kolkata'),(271,'Asia/Krasnoyarsk'),(272,'Asia/Kuala_Lumpur'),(273,'Asia/Kuching'),(274,'Asia/Kuwait'),(275,'Asia/Macao'),(276,'Asia/Macau'),(277,'Asia/Magadan'),(278,'Asia/Makassar'),(279,'Asia/Manila'),(280,'Asia/Muscat'),(281,'Asia/Nicosia'),(282,'Asia/Novokuznetsk'),(283,'Asia/Novosibirsk'),(284,'Asia/Omsk'),(285,'Asia/Oral'),(286,'Asia/Phnom_Penh'),(287,'Asia/Pontianak'),(288,'Asia/Pyongyang'),(289,'Asia/Qatar'),(290,'Asia/Qyzylorda'),(291,'Asia/Rangoon'),(292,'Asia/Riyadh'),(293,'Asia/Saigon'),(294,'Asia/Sakhalin'),(295,'Asia/Samarkand'),(296,'Asia/Seoul'),(297,'Asia/Shanghai'),(298,'Asia/Singapore'),(299,'Asia/Taipei'),(300,'Asia/Tashkent'),(301,'Asia/Tbilisi'),(302,'Asia/Tehran'),(303,'Asia/Tel_Aviv'),(304,'Asia/Thimbu'),(305,'Asia/Thimphu'),(306,'Asia/Tokyo'),(307,'Asia/Ujung_Pandang'),(308,'Asia/Ulaanbaatar'),(309,'Asia/Ulan_Bator'),(310,'Asia/Urumqi'),(311,'Asia/Vientiane'),(312,'Asia/Vladivostok'),(313,'Asia/Yakutsk'),(314,'Asia/Yekaterinburg'),(315,'Asia/Yerevan'),(316,'Atlantic/Azores'),(317,'Atlantic/Bermuda'),(318,'Atlantic/Canary'),(319,'Atlantic/Cape_Verde'),(320,'Atlantic/Faeroe'),(321,'Atlantic/Faroe'),(322,'Atlantic/Jan_Mayen'),(323,'Atlantic/Madeira'),(324,'Atlantic/Reykjavik'),(325,'Atlantic/South_Georgia'),(326,'Atlantic/Stanley'),(327,'Atlantic/St_Helena'),(328,'Australia/ACT'),(329,'Australia/Adelaide'),(330,'Australia/Brisbane'),(331,'Australia/Broken_Hill'),(332,'Australia/Canberra'),(333,'Australia/Currie'),(334,'Australia/Darwin'),(335,'Australia/Eucla'),(336,'Australia/Hobart'),(337,'Australia/LHI'),(338,'Australia/Lindeman'),(339,'Australia/Lord_Howe'),(340,'Australia/Melbourne'),(341,'Australia/North'),(342,'Australia/NSW'),(343,'Australia/Perth'),(344,'Australia/Queensland'),(345,'Australia/South'),(346,'Australia/Sydney'),(347,'Australia/Tasmania'),(348,'Australia/Victoria'),(349,'Australia/West'),(350,'Australia/Yancowinna'),(351,'Europe/Amsterdam'),(352,'Europe/Andorra'),(353,'Europe/Athens'),(354,'Europe/Belfast'),(355,'Europe/Belgrade'),(356,'Europe/Berlin'),(357,'Europe/Bratislava'),(358,'Europe/Brussels'),(359,'Europe/Bucharest'),(360,'Europe/Budapest'),(361,'Europe/Chisinau'),(362,'Europe/Copenhagen'),(363,'Europe/Dublin'),(364,'Europe/Gibraltar'),(365,'Europe/Guernsey'),(366,'Europe/Helsinki'),(367,'Europe/Isle_of_Man'),(368,'Europe/Istanbul'),(369,'Europe/Jersey'),(370,'Europe/Kaliningrad'),(371,'Europe/Kiev'),(372,'Europe/Lisbon'),(373,'Europe/Ljubljana'),(374,'Europe/London'),(375,'Europe/Luxembourg'),(376,'Europe/Madrid'),(377,'Europe/Malta'),(378,'Europe/Mariehamn'),(379,'Europe/Minsk'),(380,'Europe/Monaco'),(381,'Europe/Moscow'),(382,'Europe/Nicosia'),(383,'Europe/Oslo'),(384,'Europe/Paris'),(385,'Europe/Podgorica'),(386,'Europe/Prague'),(387,'Europe/Riga'),(388,'Europe/Rome'),(389,'Europe/Samara'),(390,'Europe/San_Marino'),(391,'Europe/Sarajevo'),(392,'Europe/Simferopol'),(393,'Europe/Skopje'),(394,'Europe/Sofia'),(395,'Europe/Stockholm'),(396,'Europe/Tallinn'),(397,'Europe/Tirane'),(398,'Europe/Tiraspol'),(399,'Europe/Uzhgorod'),(400,'Europe/Vaduz'),(401,'Europe/Vatican'),(402,'Europe/Vienna'),(403,'Europe/Vilnius'),(404,'Europe/Volgograd'),(405,'Europe/Warsaw'),(406,'Europe/Zagreb'),(407,'Europe/Zaporozhye'),(408,'Europe/Zurich'),(409,'Indian/Antananarivo'),(410,'Indian/Chagos'),(411,'Indian/Christmas'),(412,'Indian/Cocos'),(413,'Indian/Comoro'),(414,'Indian/Kerguelen'),(415,'Indian/Mahe'),(416,'Indian/Maldives'),(417,'Indian/Mauritius'),(418,'Indian/Mayotte'),(419,'Indian/Reunion'),(420,'Pacific/Apia'),(421,'Pacific/Auckland'),(422,'Pacific/Chatham'),(423,'Pacific/Chuuk'),(424,'Pacific/Easter'),(425,'Pacific/Efate'),(426,'Pacific/Enderbury'),(427,'Pacific/Fakaofo'),(428,'Pacific/Fiji'),(429,'Pacific/Funafuti'),(430,'Pacific/Galapagos'),(431,'Pacific/Gambier'),(432,'Pacific/Guadalcanal'),(433,'Pacific/Guam'),(434,'Pacific/Honolulu'),(435,'Pacific/Johnston'),(436,'Pacific/Kiritimati'),(437,'Pacific/Kosrae'),(438,'Pacific/Kwajalein'),(439,'Pacific/Majuro'),(440,'Pacific/Marquesas'),(441,'Pacific/Midway'),(442,'Pacific/Nauru'),(443,'Pacific/Niue'),(444,'Pacific/Norfolk'),(445,'Pacific/Noumea'),(446,'Pacific/Pago_Pago'),(447,'Pacific/Palau'),(448,'Pacific/Pitcairn'),(449,'Pacific/Pohnpei'),(450,'Pacific/Ponape'),(451,'Pacific/Port_Moresby'),(452,'Pacific/Rarotonga'),(453,'Pacific/Saipan'),(454,'Pacific/Samoa'),(455,'Pacific/Tahiti'),(456,'Pacific/Tarawa'),(457,'Pacific/Tongatapu'),(458,'Pacific/Truk'),(459,'Pacific/Wake'),(460,'Pacific/Wallis'),(461,'Pacific/Yap');

/*Table structure for table `koo_user` */

DROP TABLE IF EXISTS `koo_user`;

CREATE TABLE `koo_user` (
  `user_id` int(11) NOT NULL AUTO_INCREMENT,
  `username` varchar(255) COLLATE utf8_unicode_ci NOT NULL,
  `password_hash` varchar(255) COLLATE utf8_unicode_ci NOT NULL,
  `password_reset_token` varchar(255) COLLATE utf8_unicode_ci DEFAULT NULL,
  `email` varchar(255) COLLATE utf8_unicode_ci NOT NULL,
  `user_activation_key` varchar(255) COLLATE utf8_unicode_ci DEFAULT NULL,
  `user_login_ip` varchar(50) COLLATE utf8_unicode_ci DEFAULT NULL,
  `user_last_login` timestamp NULL DEFAULT '0000-00-00 00:00:00',
  `status` enum('0','1','2') COLLATE utf8_unicode_ci NOT NULL DEFAULT '1',
  `live_status` enum('A','B','O') COLLATE utf8_unicode_ci NOT NULL DEFAULT 'O' COMMENT 'A -> Available, B -> Busy, O -> Offline',
  `slug` varchar(255) COLLATE utf8_unicode_ci DEFAULT NULL,
  `is_auto_timezone` enum('Y','N') COLLATE utf8_unicode_ci NOT NULL DEFAULT 'Y',
  `user_locale_id` int(11) NOT NULL,
  `user_timezone_id` int(11) NOT NULL,
  `created_at` timestamp NOT NULL DEFAULT CURRENT_TIMESTAMP,
  `modified_at` timestamp NULL DEFAULT '0000-00-00 00:00:00',
  PRIMARY KEY (`user_id`),
  KEY `FK_koo_user_locale` (`user_locale_id`),
  KEY `FK_koo_user_timezone` (`user_timezone_id`),
  CONSTRAINT `FK_koo_user_timezone` FOREIGN KEY (`user_timezone_id`) REFERENCES `koo_timezone` (`id`) ON DELETE NO ACTION ON UPDATE NO ACTION,
  CONSTRAINT `FK_koo_user_locale` FOREIGN KEY (`user_locale_id`) REFERENCES `koo_locales` (`id`) ON DELETE NO ACTION ON UPDATE NO ACTION
) ENGINE=InnoDB AUTO_INCREMENT=10 DEFAULT CHARSET=utf8 COLLATE=utf8_unicode_ci;

/*Data for the table `koo_user` */

insert  into `koo_user`(`user_id`,`username`,`password_hash`,`password_reset_token`,`email`,`user_activation_key`,`user_login_ip`,`user_last_login`,`status`,`live_status`,`slug`,`is_auto_timezone`,`user_locale_id`,`user_timezone_id`,`created_at`,`modified_at`) values (1,'user_1','263fec58861449aacc1c328a4aff64aff4c62df4a2d50b3f207fa89b6e242c9aa778e7a8baeffef85b6ca6d2e7dc16ff0a760d59c13c238f6bcdc32f8ce9cc62',NULL,'user_1@gmail.com',NULL,NULL,'0000-00-00 00:00:00','1','O','','Y',110,243,'2015-11-13 12:37:25','0000-00-00 00:00:00'),(2,'user_2','be2ce3b45176df1d3e41e35d6aa0ea9a44b56b3575e15ebc6da0d3da7793489b9eb718dc2cfe7f5f2bc61151ad4ffc70ba4d234520ed51735fa98ec878ddc27b',NULL,'user_2@gmail.com',NULL,NULL,'0000-00-00 00:00:00','1','O','','Y',110,243,'2015-11-13 12:37:41','0000-00-00 00:00:00'),(3,'user_3','be2ce3b45176df1d3e41e35d6aa0ea9a44b56b3575e15ebc6da0d3da7793489b9eb718dc2cfe7f5f2bc61151ad4ffc70ba4d234520ed51735fa98ec878ddc27b',NULL,'user_3@gmail.com',NULL,NULL,'0000-00-00 00:00:00','1','O','','Y',110,243,'2015-11-13 12:37:55','0000-00-00 00:00:00'),(7,'prakash','263fec58861449aacc1c328a4aff64aff4c62df4a2d50b3f207fa89b6e242c9aa778e7a8baeffef85b6ca6d2e7dc16ff0a760d59c13c238f6bcdc32f8ce9cc62',NULL,'prakash.paramanandam@arkinfotec.com','Q6fF2AykT','127.0.0.1','2015-11-17 14:10:26','1','O','prakash','N',124,263,'2015-11-17 12:52:20','2015-11-27 19:16:19'),(8,'Nadesh','6a49849ff76c57c85f923ae1ebabe503125637818ebc4effd3559351b93efb03ccde000ca472ac3b9e11ce532bb6e9de71037e37ba64b337ae877c3139b71534',NULL,'nadesh@arkinfotec.com','rXOkCUMUk','127.0.0.1','0000-00-00 00:00:00','1','O','','Y',110,243,'2015-11-17 14:01:54','2015-11-17 14:02:35'),(9,'user_4','263fec58861449aacc1c328a4aff64aff4c62df4a2d50b3f207fa89b6e242c9aa778e7a8baeffef85b6ca6d2e7dc16ff0a760d59c13c238f6bcdc32f8ce9cc62',NULL,'user4@gmail.com','1pQXQ4ZrP','127.0.0.1','0000-00-00 00:00:00','1','O','','Y',110,243,'2015-11-23 17:52:04','2015-11-23 17:52:19');

/*Table structure for table `koo_user_profile` */

DROP TABLE IF EXISTS `koo_user_profile`;

CREATE TABLE `koo_user_profile` (
  `prof_id` int(11) NOT NULL AUTO_INCREMENT,
  `user_id` int(11) NOT NULL,
  `prof_firstname` varchar(50) NOT NULL,
  `prof_lastname` varchar(50) DEFAULT NULL,
  `prof_tag` varchar(100) DEFAULT NULL,
  `prof_address` text,
  `prof_phone` varchar(30) DEFAULT NULL,
  `prof_skype` varchar(100) DEFAULT NULL,
  `prof_website` varchar(100) DEFAULT NULL,
  `prof_about` text,
  `prof_languages` varchar(100) DEFAULT NULL,
  `prof_interests` text,
  `prof_rating` double DEFAULT '0',
  `prof_picture` varchar(500) DEFAULT NULL,
  `prof_cover_photo` varchar(500) DEFAULT NULL,
  `country_id` int(11) NOT NULL,
  `created_at` timestamp NULL DEFAULT CURRENT_TIMESTAMP,
  `modified_at` timestamp NULL DEFAULT '0000-00-00 00:00:00',
  `created_by` int(11) DEFAULT NULL,
  `modified_by` int(11) DEFAULT NULL,
  PRIMARY KEY (`prof_id`),
  KEY `FK_koo_user_profile_user` (`user_id`),
  KEY `FK_koo_user_profile_country` (`country_id`),
  CONSTRAINT `FK_koo_user_profile_country` FOREIGN KEY (`country_id`) REFERENCES `koo_country` (`country_Id`) ON UPDATE CASCADE,
  CONSTRAINT `FK_koo_user_profile_user` FOREIGN KEY (`user_id`) REFERENCES `koo_user` (`user_id`) ON DELETE CASCADE ON UPDATE CASCADE
) ENGINE=InnoDB AUTO_INCREMENT=3 DEFAULT CHARSET=latin1;

/*Data for the table `koo_user_profile` */

insert  into `koo_user_profile`(`prof_id`,`user_id`,`prof_firstname`,`prof_lastname`,`prof_tag`,`prof_address`,`prof_phone`,`prof_skype`,`prof_website`,`prof_about`,`prof_languages`,`prof_interests`,`prof_rating`,`prof_picture`,`prof_cover_photo`,`country_id`,`created_at`,`modified_at`,`created_by`,`modified_by`) values (1,7,'Prakash','Arul Mani','asdasd','sdadasdsda	','5112151201','ark.prakash','','Lorem ipsum dolor sit amet, consectetur adipiscing elit. Duis aliquet dictum turpis, eu dictum enim fermentum lacinia. Nullam pulvinar vel eros nec finibus. Mauris eget magna eget justo vestibulum condimentum ut in felis. Praesent tincidunt fringilla quam, et euismod tortor ornare at. Etiam blandit sed nisi sit amet condimentum. Vivamus vestibulum eros ut orci molestie congue. Ut sodales lobortis maximus. In sit amet justo placerat, elementum orci ut, feugiat ','[\"5\",\"9\",\"11\"]','Lorem ipsum dolor sit amet, consectetur adipiscing elit. Duis aliquet dictum turpis, eu dictum enim fermentum lacinia. Nullam pulvinar vel eros nec finibus. Mauris eget magna eget justo vestibulum condimentum ut in felis. Praesent tincidunt fringilla quam, et euismod tortor ornare at. Etiam blandit sed nisi sit amet condimentum. Vivamus vestibulum eros ut orci molestie congue. Ut sodales lobortis maximus. In sit amet justo placerat, elementum orci ut, feugiat ',0,'/userprofile/1e75e62123aa5b878b8e35e201fbdd01.jpg','',2,'2015-11-18 18:58:14','2015-11-27 11:46:12',NULL,NULL),(2,9,'John','Tac',NULL,NULL,NULL,NULL,NULL,NULL,NULL,NULL,0,NULL,NULL,2,'2015-11-23 17:52:04','2015-11-23 17:52:19',NULL,NULL);

/*!40101 SET SQL_MODE=@OLD_SQL_MODE */;
/*!40014 SET FOREIGN_KEY_CHECKS=@OLD_FOREIGN_KEY_CHECKS */;
/*!40014 SET UNIQUE_CHECKS=@OLD_UNIQUE_CHECKS */;
/*!40111 SET SQL_NOTES=@OLD_SQL_NOTES */;
